DateTime,Depth,DO
2015-03-31 12:00:00,0.1,11.00042
2015-03-31 12:00:00,0.4,11.02037
2015-03-31 12:00:00,0.7,11.04715
2015-03-31 12:00:00,1,11.02903
2015-03-31 12:00:00,1.3,10.98802
2015-03-31 12:00:00,1.6,10.94154
2015-03-31 12:00:00,1.9,10.99727
2015-03-31 12:00:00,2.3,11.13521
2015-03-31 12:00:00,2.6,11.10888
2015-03-31 12:00:00,2.9,11.05253
2015-03-31 12:00:00,3.2,10.94208
2015-03-31 12:00:00,3.5,10.89213
2015-03-31 12:00:00,3.8,10.81877
2015-03-31 12:00:00,4.1,10.69615
2015-03-31 12:00:00,4.4,10.64624
2015-03-31 12:00:00,4.7,10.57071
2015-03-31 12:00:00,5,10.45185
2015-03-31 12:00:00,5.3,10.33071
2015-03-31 12:00:00,5.6,10.19396
2015-03-31 12:00:00,5.9,9.94348
2015-03-31 12:00:00,6.2,9.64172
2015-03-31 12:00:00,6.5,9.4125
2015-03-31 12:00:00,6.8,9.29471
2015-03-31 12:00:00,7.1,9.1528
2015-03-31 12:00:00,7.4,8.97411
2015-03-31 12:00:00,7.7,8.83429
2015-03-31 12:00:00,8,8.69347
2015-03-31 12:00:00,8.3,8.56095
2015-03-31 12:00:00,8.7,8.13389
2015-03-31 12:00:00,9,8.01064
2015-03-31 12:00:00,9.3,7.86652
2015-04-07 11:31:12,0.1,9.82653
2015-04-07 11:31:12,0.4,9.92129
2015-04-07 11:31:12,0.7,10.07722
2015-04-07 11:31:12,1,10.04807
2015-04-07 11:31:12,1.3,10.0787
2015-04-07 11:31:12,1.6,10.13024
2015-04-07 11:31:12,1.9,10.21318
2015-04-07 11:31:12,2.3,10.29846
2015-04-07 11:31:12,2.6,10.34466
2015-04-07 11:31:12,2.9,10.38783
2015-04-07 11:31:12,3.2,10.45501
2015-04-07 11:31:12,3.5,10.34412
2015-04-07 11:31:12,3.8,10.91942
2015-04-07 11:31:12,4.1,10.74846
2015-04-07 11:31:12,4.4,10.6063
2015-04-07 11:31:12,4.7,10.32915
2015-04-07 11:31:12,5,9.70841
2015-04-07 11:31:12,5.3,9.58749
2015-04-07 11:31:12,5.6,9.4592
2015-04-07 11:31:12,5.9,9.11911
2015-04-07 11:31:12,6.2,8.97757
2015-04-07 11:31:12,6.5,8.76049
2015-04-07 11:31:12,6.8,8.70579
2015-04-07 11:31:12,7.1,8.76547
2015-04-07 11:31:12,7.4,8.68646
2015-04-07 11:31:12,7.7,8.71556
2015-04-07 11:31:12,8,8.49543
2015-04-07 11:31:12,8.3,8.4294
2015-04-07 11:31:12,8.7,8.10394
2015-04-07 11:31:12,9,7.8131
2015-04-07 11:31:12,9.3,7.43962
2015-04-13 14:24:00,0.1,9.56974
2015-04-13 14:24:00,0.4,9.72821
2015-04-13 14:24:00,0.7,9.82761
2015-04-13 14:24:00,1,9.93609
2015-04-13 14:24:00,1.3,9.96239
2015-04-13 14:24:00,1.6,9.96842
2015-04-13 14:24:00,1.9,9.96339
2015-04-13 14:24:00,2.3,10.07666
2015-04-13 14:24:00,2.6,10.03233
2015-04-13 14:24:00,2.9,10.06897
2015-04-13 14:24:00,3.2,10.05232
2015-04-13 14:24:00,3.5,9.95413
2015-04-13 14:24:00,3.8,9.99606
2015-04-13 14:24:00,4.1,9.7567
2015-04-13 14:24:00,4.4,9.51191
2015-04-13 14:24:00,4.7,9.59786
2015-04-13 14:24:00,5,9.38949
2015-04-13 14:24:00,5.3,9.08376
2015-04-13 14:24:00,5.6,8.77279
2015-04-13 14:24:00,5.9,8.58009
2015-04-13 14:24:00,6.2,8.47357
2015-04-13 14:24:00,6.5,8.10127
2015-04-13 14:24:00,6.8,7.95168
2015-04-13 14:24:00,7.1,8.0178
2015-04-13 14:24:00,7.4,7.99284
2015-04-13 14:24:00,7.7,7.99024
2015-04-13 14:24:00,8,7.74364
2015-04-13 14:24:00,8.3,7.38992
2015-04-13 14:24:00,8.7,7.34462
2015-04-13 14:24:00,9,7.35673
2015-04-13 14:24:00,9.3,7.0163
2015-04-16 00:00:00,0.1,9.33695
2015-04-16 00:00:00,0.4,9.34529
2015-04-16 00:00:00,0.7,9.3362
2015-04-16 00:00:00,1,9.2614
2015-04-16 00:00:00,1.3,9.11681
2015-04-16 00:00:00,1.6,9.30108
2015-04-16 00:00:00,1.9,9.58707
2015-04-16 00:00:00,2.3,9.71406
2015-04-16 00:00:00,2.6,9.87509
2015-04-16 00:00:00,2.9,9.87036
2015-04-16 00:00:00,3.2,9.85653
2015-04-16 00:00:00,3.5,9.72027
2015-04-16 00:00:00,3.8,9.38507
2015-04-16 00:00:00,4.1,9.54606
2015-04-16 00:00:00,4.4,9.14789
2015-04-16 00:00:00,4.7,9.10156
2015-04-16 00:00:00,5,8.96177
2015-04-16 00:00:00,5.3,8.66533
2015-04-16 00:00:00,5.6,8.38512
2015-04-16 00:00:00,5.9,8.11076
2015-04-16 00:00:00,6.2,7.8709
2015-04-16 00:00:00,6.5,7.63486
2015-04-16 00:00:00,6.8,7.51077
2015-04-16 00:00:00,7.1,7.48605
2015-04-16 00:00:00,7.4,7.5128
2015-04-16 00:00:00,7.7,7.5105
2015-04-16 00:00:00,8,7.02309
2015-04-16 00:00:00,8.3,6.93556
2015-04-16 00:00:00,8.7,6.91784
2015-04-16 00:00:00,9,6.89512375
2015-04-16 00:00:00,9.3,6.66306125
2014-04-21 12:28:48,0.1,9.1947
2014-04-21 12:28:48,0.4,9.04102
2014-04-21 12:28:48,0.7,9.24236
2014-04-21 12:28:48,1,9.91761
2014-04-21 12:28:48,1.3,10.27684
2014-04-21 12:28:48,1.6,9.77678
2014-04-21 12:28:48,1.9,9.87449
2014-04-21 12:28:48,2.3,9.81426
2014-04-21 12:28:48,2.6,9.70122
2014-04-21 12:28:48,2.9,9.87119
2014-04-21 12:28:48,3.2,9.37085
2014-04-21 12:28:48,3.5,9.39003
2014-04-21 12:28:48,3.8,9.10148
2014-04-21 12:28:48,4.1,8.68793
2014-04-21 12:28:48,4.4,8.55961
2014-04-21 12:28:48,4.7,8.74726
2014-04-21 12:28:48,5,8.27102
2014-04-21 12:28:48,5.3,8.28011
2014-04-21 12:28:48,5.6,8.11778
2014-04-21 12:28:48,5.9,7.80602
2014-04-21 12:28:48,6.2,7.53227
2014-04-21 12:28:48,6.5,7.43714
2014-04-21 12:28:48,6.8,7.33473
2014-04-21 12:28:48,7.1,7.21463
2014-04-21 12:28:48,7.4,7.098
2014-04-21 12:28:48,7.7,6.96217
2014-04-21 12:28:48,8,6.54204
2014-04-21 12:28:48,8.3,6.4225
2014-04-21 12:28:48,8.7,6.20654
2014-04-21 12:28:48,9,6.12578
2014-04-21 12:28:48,9.3,6.07433
2014-04-25 12:28:48,0.1,9.31208
2014-04-25 12:28:48,0.4,9.33527
2014-04-25 12:28:48,0.7,9.32019
2014-04-25 12:28:48,1,9.33522
2014-04-25 12:28:48,1.3,9.33632
2014-04-25 12:28:48,1.6,9.25739
2014-04-25 12:28:48,1.9,9.24138
2014-04-25 12:28:48,2.3,9.19998
2014-04-25 12:28:48,2.6,9.02824
2014-04-25 12:28:48,2.9,8.60164
2014-04-25 12:28:48,3.2,8.04364
2014-04-25 12:28:48,3.5,8.14714
2014-04-25 12:28:48,3.8,7.94837
2014-04-25 12:28:48,4.1,7.57171
2014-04-25 12:28:48,4.4,7.09613
2014-04-25 12:28:48,4.7,7.03254
2014-04-25 12:28:48,5,6.87961
2014-04-25 12:28:48,5.3,6.64106
2014-04-25 12:28:48,5.6,6.44823
2014-04-25 12:28:48,5.9,6.4178
2014-04-25 12:28:48,6.2,6.292
2014-04-25 12:28:48,6.5,6.28479
2014-04-25 12:28:48,6.8,6.35473
2014-04-25 12:28:48,7.1,6.37473
2014-04-25 12:28:48,7.4,6.39475
2014-04-25 12:28:48,7.7,6.40813
2014-04-25 12:28:48,8,6.32908
2014-04-25 12:28:48,8.3,6.31121
2014-04-25 12:28:48,8.7,6.32091
2014-04-25 12:28:48,9,6.16982
2014-04-25 12:28:48,9.3,5.41612
2015-04-28 13:40:48,0.1,9.65854
2015-04-28 13:40:48,0.4,9.66595
2015-04-28 13:40:48,0.7,9.62338
2015-04-28 13:40:48,1,9.60681
2015-04-28 13:40:48,1.3,9.55949
2015-04-28 13:40:48,1.6,9.62493
2015-04-28 13:40:48,1.9,9.69795
2015-04-28 13:40:48,2.3,9.62082
2015-04-28 13:40:48,2.6,9.51256
2015-04-28 13:40:48,2.9,9.47322
2015-04-28 13:40:48,3.2,9.38601
2015-04-28 13:40:48,3.5,8.55162
2015-04-28 13:40:48,3.8,7.7288
2015-04-28 13:40:48,4.1,7.19447
2015-04-28 13:40:48,4.4,7.02029
2015-04-28 13:40:48,4.7,6.84997
2015-04-28 13:40:48,5,6.95079
2015-04-28 13:40:48,5.3,6.85281
2015-04-28 13:40:48,5.6,6.74975
2015-04-28 13:40:48,5.9,6.60003
2015-04-28 13:40:48,6.2,6.4097
2015-04-28 13:40:48,6.5,6.31302
2015-04-28 13:40:48,6.8,6.2921
2015-04-28 13:40:48,7.1,6.15338
2015-04-28 13:40:48,7.4,5.83244
2015-04-28 13:40:48,7.7,5.47039
2015-04-28 13:40:48,8,5.45844
2015-04-28 13:40:48,8.3,5.47013
2015-04-28 13:40:48,8.7,5.23788
2015-04-28 13:40:48,9,4.98627
2015-04-28 13:40:48,9.3,4.07475
2015-05-01 07:55:12,0.1,9.29605
2015-05-01 07:55:12,0.4,9.30549
2015-05-01 07:55:12,0.7,9.35422
2015-05-01 07:55:12,1,9.25981
2015-05-01 07:55:12,1.3,9.30287
2015-05-01 07:55:12,1.6,9.30698
2015-05-01 07:55:12,1.9,9.28304
2015-05-01 07:55:12,2.3,9.05216
2015-05-01 07:55:12,2.6,9.65114
2015-05-01 07:55:12,2.9,9.42014
2015-05-01 07:55:12,3.2,9.02708
2015-05-01 07:55:12,3.5,8.10932
2015-05-01 07:55:12,3.8,7.50371
2015-05-01 07:55:12,4.1,7.1298
2015-05-01 07:55:12,4.4,6.64514
2015-05-01 07:55:12,4.7,6.49866
2015-05-01 07:55:12,5,6.36803
2015-05-01 07:55:12,5.3,6.18874
2015-05-01 07:55:12,5.6,6.1692
2015-05-01 07:55:12,5.9,6.10236
2015-05-01 07:55:12,6.2,5.97179
2015-05-01 07:55:12,6.5,5.70078
2015-05-01 07:55:12,6.8,5.87074
2015-05-01 07:55:12,7.1,5.78807
2015-05-01 07:55:12,7.4,5.77614
2015-05-01 07:55:12,7.7,5.23431
2015-05-01 07:55:12,8,5.53952
2015-05-01 07:55:12,8.3,5.30296
2015-05-01 07:55:12,8.7,5.18436
2015-05-01 07:55:12,9,5.0191
2015-05-01 07:55:12,9.3,4.33475
2015-05-04 12:00:00,0.1,7.97843
2015-05-04 12:00:00,0.4,8.03356
2015-05-04 12:00:00,0.7,9.32102
2015-05-04 12:00:00,1,10.08687
2015-05-04 12:00:00,1.3,10.03105
2015-05-04 12:00:00,1.6,10.08305
2015-05-04 12:00:00,1.9,10.3037
2015-05-04 12:00:00,2.3,10.46698
2015-05-04 12:00:00,2.6,10.23114
2015-05-04 12:00:00,2.9,10.20099
2015-05-04 12:00:00,3.2,10.08852
2015-05-04 12:00:00,3.5,9.75046
2015-05-04 12:00:00,3.8,8.80919
2015-05-04 12:00:00,4.1,7.83235
2015-05-04 12:00:00,4.4,6.99019
2015-05-04 12:00:00,4.7,6.45055
2015-05-04 12:00:00,5,6.12161
2015-05-04 12:00:00,5.3,5.70671
2015-05-04 12:00:00,5.6,5.41196
2015-05-04 12:00:00,5.9,5.11448
2015-05-04 12:00:00,6.2,5.0063
2015-05-04 12:00:00,6.5,5.19786
2015-05-04 12:00:00,6.8,5.2408
2015-05-04 12:00:00,7.1,5.33405
2015-05-04 12:00:00,7.4,5.21966
2015-05-04 12:00:00,7.7,5.31133
2015-05-04 12:00:00,8,5.30818
2015-05-04 12:00:00,8.3,5.06117
2015-05-04 12:00:00,8.7,4.90074
2015-05-04 12:00:00,9,4.78077
2015-05-04 12:00:00,9.3,4.52325
2015-05-05 12:00:00,0.1,9.22032
2015-05-05 12:00:00,0.4,9.22614
2015-05-05 12:00:00,0.7,9.28054
2015-05-05 12:00:00,1,9.26843
2015-05-05 12:00:00,1.3,9.22316
2015-05-05 12:00:00,1.6,8.77638
2015-05-05 12:00:00,1.9,8.36366
2015-05-05 12:00:00,2.3,8.51046
2015-05-05 12:00:00,2.6,8.42171
2015-05-05 12:00:00,2.9,8.35248
2015-05-05 12:00:00,3.2,8.40313
2015-05-05 12:00:00,3.5,8.51817
2015-05-05 12:00:00,3.8,8.37063
2015-05-05 12:00:00,4.1,7.97411
2015-05-05 12:00:00,4.4,7.56543
2015-05-05 12:00:00,4.7,7.11053
2015-05-05 12:00:00,5,6.60621
2015-05-05 12:00:00,5.3,6.12822
2015-05-05 12:00:00,5.6,5.5803
2015-05-05 12:00:00,5.9,5.33543
2015-05-05 12:00:00,6.2,5.27528
2015-05-05 12:00:00,6.5,5.19086
2015-05-05 12:00:00,6.8,4.99834
2015-05-05 12:00:00,7.1,4.90893
2015-05-05 12:00:00,7.4,4.93029
2015-05-05 12:00:00,7.7,4.88014
2015-05-05 12:00:00,8,4.7772
2015-05-05 12:00:00,8.3,4.75732
2015-05-05 12:00:00,8.7,4.8025
2015-05-05 12:00:00,9,4.79265
2015-05-05 12:00:00,9.3,4.82728
2015-05-07 13:55:12,0.1,9.03068
2015-05-07 13:55:12,0.4,9.18764
2015-05-07 13:55:12,0.7,9.23767
2015-05-07 13:55:12,1,9.8257
2015-05-07 13:55:12,1.3,9.8358
2015-05-07 13:55:12,1.6,10.25227
2015-05-07 13:55:12,1.9,10.36402
2015-05-07 13:55:12,2.3,10.33021
2015-05-07 13:55:12,2.6,10.14218
2015-05-07 13:55:12,2.9,10.01341
2015-05-07 13:55:12,3.2,9.7588
2015-05-07 13:55:12,3.5,8.99365
2015-05-07 13:55:12,3.8,8.0222
2015-05-07 13:55:12,4.1,7.30354
2015-05-07 13:55:12,4.4,6.78158
2015-05-07 13:55:12,4.7,6.23601
2015-05-07 13:55:12,5,5.7131
2015-05-07 13:55:12,5.3,5.59509
2015-05-07 13:55:12,5.6,5.75401
2015-05-07 13:55:12,5.9,5.7779
2015-05-07 13:55:12,6.2,5.77497
2015-05-07 13:55:12,6.5,5.76114
2015-05-07 13:55:12,6.8,5.78442
2015-05-07 13:55:12,7.1,5.78226
2015-05-07 13:55:12,7.4,5.7771
2015-05-07 13:55:12,7.7,5.7614
2015-05-07 13:55:12,8,5.74481
2015-05-07 13:55:12,8.3,5.755
2015-05-07 13:55:12,8.7,5.74945
2015-05-07 13:55:12,9,5.7458
2015-05-07 13:55:12,9.3,5.72679
2015-05-11 00:00:00,0.1,8.57744
2015-05-11 00:00:00,0.4,8.55931
2015-05-11 00:00:00,0.7,9.1486
2015-05-11 00:00:00,1,10.27983
2015-05-11 00:00:00,1.3,10.17563
2015-05-11 00:00:00,1.6,10.5247
2015-05-11 00:00:00,1.9,10.79463
2015-05-11 00:00:00,2.3,10.74642
2015-05-11 00:00:00,2.6,10.99228
2015-05-11 00:00:00,2.9,10.90148
2015-05-11 00:00:00,3.2,10.87578
2015-05-11 00:00:00,3.5,9.71705
2015-05-11 00:00:00,3.8,8.56185
2015-05-11 00:00:00,4.1,7.59882
2015-05-11 00:00:00,4.4,6.85367
2015-05-11 00:00:00,4.7,6.32063
2015-05-11 00:00:00,5,6.33166
2015-05-11 00:00:00,5.3,6.4796
2015-05-11 00:00:00,5.6,6.47968
2015-05-11 00:00:00,5.9,6.46285
2015-05-11 00:00:00,6.2,6.46063
2015-05-11 00:00:00,6.5,6.4917
2015-05-11 00:00:00,6.8,6.479
2015-05-11 00:00:00,7.1,6.49835
2015-05-11 00:00:00,7.4,6.52543
2015-05-11 00:00:00,7.7,6.52911
2015-05-11 00:00:00,8,6.50784
2015-05-11 00:00:00,8.3,6.50865
2015-05-11 00:00:00,8.7,6.47296
2015-05-11 00:00:00,9,6.48838
2015-05-11 00:00:00,9.3,6.47213
2015-05-14 00:00:00,0.1,8.975
2015-05-14 00:00:00,0.4,8.9205
2015-05-14 00:00:00,0.7,9.03831
2015-05-14 00:00:00,1,9.4406
2015-05-14 00:00:00,1.3,10.15937
2015-05-14 00:00:00,1.6,10.79842
2015-05-14 00:00:00,1.9,10.94743
2015-05-14 00:00:00,2.3,11.0973
2015-05-14 00:00:00,2.6,10.93927
2015-05-14 00:00:00,2.9,11.21579
2015-05-14 00:00:00,3.2,11.23889
2015-05-14 00:00:00,3.5,10.55794
2015-05-14 00:00:00,3.8,9.90985
2015-05-14 00:00:00,4.1,8.83511
2015-05-14 00:00:00,4.4,7.65385
2015-05-14 00:00:00,4.7,6.72062
2015-05-14 00:00:00,5,6.37638
2015-05-14 00:00:00,5.3,6.38644
2015-05-14 00:00:00,5.6,6.358
2015-05-14 00:00:00,5.9,6.33384
2015-05-14 00:00:00,6.2,6.31396
2015-05-14 00:00:00,6.5,6.28457
2015-05-14 00:00:00,6.8,6.27587
2015-05-14 00:00:00,7.1,6.27792
2015-05-14 00:00:00,7.4,6.27346
2015-05-14 00:00:00,7.7,6.2567
2015-05-14 00:00:00,8,6.23874
2015-05-14 00:00:00,8.3,6.25111
2015-05-14 00:00:00,8.7,6.24071
2015-05-14 00:00:00,9,6.2396
2015-05-14 00:00:00,9.3,6.23307
2015-05-18 00:00:00,0.1,8.45826
2015-05-18 00:00:00,0.4,8.48729
2015-05-18 00:00:00,0.7,8.49896
2015-05-18 00:00:00,1,8.51929
2015-05-18 00:00:00,1.3,9.47695
2015-05-18 00:00:00,1.6,10.10627
2015-05-18 00:00:00,1.9,10.73682
2015-05-18 00:00:00,2.3,10.64707
2015-05-18 00:00:00,2.6,11.23349
2015-05-18 00:00:00,2.9,11.5921
2015-05-18 00:00:00,3.2,11.54894
2015-05-18 00:00:00,3.5,10.98158
2015-05-18 00:00:00,3.8,9.18518
2015-05-18 00:00:00,4.1,8.04526
2015-05-18 00:00:00,4.4,7.15115
2015-05-18 00:00:00,4.7,6.99068
2015-05-18 00:00:00,5,6.95606
2015-05-18 00:00:00,5.3,6.93932
2015-05-18 00:00:00,5.6,6.93234
2015-05-18 00:00:00,5.9,6.91492
2015-05-18 00:00:00,6.2,6.92144
2015-05-18 00:00:00,6.5,6.92516
2015-05-18 00:00:00,6.8,6.91847
2015-05-18 00:00:00,7.1,6.91794
2015-05-18 00:00:00,7.4,6.90382
2015-05-18 00:00:00,7.7,6.87738
2015-05-18 00:00:00,8,6.90422
2015-05-18 00:00:00,8.3,6.87944
2015-05-18 00:00:00,8.7,6.89162
2015-05-18 00:00:00,9,6.88447
2015-05-18 00:00:00,9.3,6.87881
2015-05-21 00:00:00,0.1,8.28114
2015-05-21 00:00:00,0.4,8.26961
2015-05-21 00:00:00,0.7,8.2898
2015-05-21 00:00:00,1,8.26192
2015-05-21 00:00:00,1.3,8.85329
2015-05-21 00:00:00,1.6,10.86645
2015-05-21 00:00:00,1.9,11.38343
2015-05-21 00:00:00,2.3,11.39552
2015-05-21 00:00:00,2.6,11.55474
2015-05-21 00:00:00,2.9,11.64224
2015-05-21 00:00:00,3.2,11.15492
2015-05-21 00:00:00,3.5,10.01275
2015-05-21 00:00:00,3.8,9.49324
2015-05-21 00:00:00,4.1,8.66545
2015-05-21 00:00:00,4.4,7.1541
2015-05-21 00:00:00,4.7,7.10629
2015-05-21 00:00:00,5,7.21092
2015-05-21 00:00:00,5.3,7.21859
2015-05-21 00:00:00,5.6,7.19535
2015-05-21 00:00:00,5.9,7.17763
2015-05-21 00:00:00,6.2,7.1748
2015-05-21 00:00:00,6.5,7.16558
2015-05-21 00:00:00,6.8,7.16633
2015-05-21 00:00:00,7.1,7.15797
2015-05-21 00:00:00,7.4,7.16331
2015-05-21 00:00:00,7.7,7.16825
2015-05-21 00:00:00,8,7.16073
2015-05-21 00:00:00,8.3,7.15933
2015-05-21 00:00:00,8.7,7.15157
2015-05-21 00:00:00,9,7.14368
2015-05-21 00:00:00,9.3,7.13808
2015-05-25 00:00:00,0.1,9.36563
2015-05-25 00:00:00,0.4,9.54936
2015-05-25 00:00:00,0.7,9.59725
2015-05-25 00:00:00,1,9.63915
2015-05-25 00:00:00,1.3,9.70112
2015-05-25 00:00:00,1.6,10.47016
2015-05-25 00:00:00,1.9,10.98492
2015-05-25 00:00:00,2.3,12.07204
2015-05-25 00:00:00,2.6,12.01365
2015-05-25 00:00:00,2.9,11.91758
2015-05-25 00:00:00,3.2,11.87777
2015-05-25 00:00:00,3.5,10.93854
2015-05-25 00:00:00,3.8,9.81772
2015-05-25 00:00:00,4.1,8.5835
2015-05-25 00:00:00,4.4,7.54112
2015-05-25 00:00:00,4.7,7.26804
2015-05-25 00:00:00,5,7.44773
2015-05-25 00:00:00,5.3,7.43406
2015-05-25 00:00:00,5.6,7.43365
2015-05-25 00:00:00,5.9,7.4145
2015-05-25 00:00:00,6.2,7.408
2015-05-25 00:00:00,6.5,7.39668
2015-05-25 00:00:00,6.8,7.38673
2015-05-25 00:00:00,7.1,7.39424
2015-05-25 00:00:00,7.4,7.38083
2015-05-25 00:00:00,7.7,7.37533
2015-05-25 00:00:00,8,7.38817
2015-05-25 00:00:00,8.3,7.37188
2015-05-25 00:00:00,8.7,7.37893
2015-05-25 00:00:00,9,7.3784
2015-05-25 00:00:00,9.3,7.36789
2015-05-28 00:00:00,0.1,6.82375
2015-05-28 00:00:00,0.4,7.39869
2015-05-28 00:00:00,0.7,8.19292
2015-05-28 00:00:00,1,8.26959
2015-05-28 00:00:00,1.3,8.09522
2015-05-28 00:00:00,1.6,9.08625
2015-05-28 00:00:00,1.9,10.64834
2015-05-28 00:00:00,2.3,11.76961
2015-05-28 00:00:00,2.6,12.25952
2015-05-28 00:00:00,2.9,12.11608
2015-05-28 00:00:00,3.2,11.62545
2015-05-28 00:00:00,3.5,10.67625
2015-05-28 00:00:00,3.8,9.61398
2015-05-28 00:00:00,4.1,7.39525
2015-05-28 00:00:00,4.4,6.82849
2015-05-28 00:00:00,4.7,7.48826
2015-05-28 00:00:00,5,7.55844
2015-05-28 00:00:00,5.3,7.51671
2015-05-28 00:00:00,5.6,7.4624
2015-05-28 00:00:00,5.9,7.45457
2015-05-28 00:00:00,6.2,7.43715
2015-05-28 00:00:00,6.5,7.43125
2015-05-28 00:00:00,6.8,7.41327
2015-05-28 00:00:00,7.1,7.40861
2015-05-28 00:00:00,7.4,7.37565
2015-05-28 00:00:00,7.7,7.38946
2015-05-28 00:00:00,8,7.40572
2015-05-28 00:00:00,8.3,7.408
2015-05-28 00:00:00,8.7,7.39886
2015-05-28 00:00:00,9,7.37842
2015-05-28 00:00:00,9.3,7.37469
2015-06-01 07:55:12,0.1,8.1381
2015-06-01 07:55:12,0.4,8.0965
2015-06-01 07:55:12,0.7,8.1065
2015-06-01 07:55:12,1,9.2617
2015-06-01 07:55:12,1.3,10.1702
2015-06-01 07:55:12,1.6,10.2149
2015-06-01 07:55:12,1.9,10.7239
2015-06-01 07:55:12,2.3,12.0237
2015-06-01 07:55:12,2.6,12.4537
2015-06-01 07:55:12,2.9,12.8517
2015-06-01 07:55:12,3.2,12.5131
2015-06-01 07:55:12,3.5,11.2351
2015-06-01 07:55:12,3.8,9.6541
2015-06-01 07:55:12,4.1,7.7416
2015-06-01 07:55:12,4.4,6.432
2015-06-01 07:55:12,4.7,7.2668
2015-06-01 07:55:12,5,7.5796
2015-06-01 07:55:12,5.3,7.5781
2015-06-01 07:55:12,5.6,7.5684
2015-06-01 07:55:12,5.9,7.5629
2015-06-01 07:55:12,6.2,7.5567
2015-06-01 07:55:12,6.5,7.5343
2015-06-01 07:55:12,6.8,7.5306
2015-06-01 07:55:12,7.1,7.5366
2015-06-01 07:55:12,7.4,7.5311
2015-06-01 07:55:12,7.7,7.5307
2015-06-01 07:55:12,8,7.5182
2015-06-01 07:55:12,8.3,7.5206
2015-06-01 07:55:12,8.7,7.5181
2015-06-01 07:55:12,9,7.5147
2015-06-01 07:55:12,9.3,7.5217
2015-06-08 00:00:00,0.1,8.83624
2015-06-08 00:00:00,0.4,8.66692
2015-06-08 00:00:00,0.7,8.95347
2015-06-08 00:00:00,1,9.03709
2015-06-08 00:00:00,1.3,9.25187
2015-06-08 00:00:00,1.6,9.52684
2015-06-08 00:00:00,1.9,9.77474
2015-06-08 00:00:00,2.3,10.45433
2015-06-08 00:00:00,2.6,11.12763
2015-06-08 00:00:00,2.9,10.35531
2015-06-08 00:00:00,3.2,9.58257
2015-06-08 00:00:00,3.5,8.74944
2015-06-08 00:00:00,3.8,7.28825
2015-06-08 00:00:00,4.1,6.93572
2015-06-08 00:00:00,4.4,6.91048
2015-06-08 00:00:00,4.7,5.68758
2015-06-08 00:00:00,5,5.61933
2015-06-08 00:00:00,5.3,5.17397
2015-06-08 00:00:00,5.6,4.7115
2015-06-08 00:00:00,5.9,4.96637
2015-06-08 00:00:00,6.2,4.94606
2015-06-08 00:00:00,6.5,5.27242
2015-06-08 00:00:00,6.8,5.65888
2015-06-08 00:00:00,7.1,5.99599
2015-06-08 00:00:00,7.4,5.53063
2015-06-08 00:00:00,7.7,4.6454
2015-06-08 00:00:00,8,4.37264
2015-06-08 00:00:00,8.3,3.97809
2015-06-08 00:00:00,8.7,1.94352
2015-06-08 00:00:00,9,0.25582
2015-06-08 00:00:00,9.3,0.17404
2015-06-11 00:00:00,0.1,8.17895
2015-06-11 00:00:00,0.4,8.29168
2015-06-11 00:00:00,0.7,8.6838
2015-06-11 00:00:00,1,8.99255
2015-06-11 00:00:00,1.3,9.67461
2015-06-11 00:00:00,1.6,9.95693
2015-06-11 00:00:00,1.9,10.68157
2015-06-11 00:00:00,2.3,11.39456
2015-06-11 00:00:00,2.6,11.77827
2015-06-11 00:00:00,2.9,12.36259
2015-06-11 00:00:00,3.2,12.51005
2015-06-11 00:00:00,3.5,10.28035
2015-06-11 00:00:00,3.8,8.29796
2015-06-11 00:00:00,4.1,7.17073
2015-06-11 00:00:00,4.4,6.15416
2015-06-11 00:00:00,4.7,4.97677
2015-06-11 00:00:00,5,4.30436
2015-06-11 00:00:00,5.3,3.99655
2015-06-11 00:00:00,5.6,4.64138
2015-06-11 00:00:00,5.9,5.44578
2015-06-11 00:00:00,6.2,5.49586
2015-06-11 00:00:00,6.5,5.51266
2015-06-11 00:00:00,6.8,5.52734
2015-06-11 00:00:00,7.1,5.52833
2015-06-11 00:00:00,7.4,5.5299
2015-06-11 00:00:00,7.7,5.51292
2015-06-11 00:00:00,8,5.52216
2015-06-11 00:00:00,8.3,5.52883
2015-06-11 00:00:00,8.7,5.49934
2015-06-11 00:00:00,9,5.45772
2015-06-11 00:00:00,9.3,5.45731
2015-06-15 00:00:00,0.1,7.61857
2015-06-15 00:00:00,0.4,7.59555
2015-06-15 00:00:00,0.7,8.06902
2015-06-15 00:00:00,1,9.06116
2015-06-15 00:00:00,1.3,9.83738
2015-06-15 00:00:00,1.6,10.21886
2015-06-15 00:00:00,1.9,10.59983
2015-06-15 00:00:00,2.3,11.46029
2015-06-15 00:00:00,2.6,12.24268
2015-06-15 00:00:00,2.9,12.87151
2015-06-15 00:00:00,3.2,13.57593
2015-06-15 00:00:00,3.5,13.23901
2015-06-15 00:00:00,3.8,10.28754
2015-06-15 00:00:00,4.1,6.2063
2015-06-15 00:00:00,4.4,3.89516
2015-06-15 00:00:00,4.7,2.80126
2015-06-15 00:00:00,5,2.46857
2015-06-15 00:00:00,5.3,2.47722
2015-06-15 00:00:00,5.6,3.93692
2015-06-15 00:00:00,5.9,5.3019
2015-06-15 00:00:00,6.2,5.39091
2015-06-15 00:00:00,6.5,5.40364
2015-06-15 00:00:00,6.8,5.43038
2015-06-15 00:00:00,7.1,5.45394
2015-06-15 00:00:00,7.4,5.44529
2015-06-15 00:00:00,7.7,5.44418
2015-06-15 00:00:00,8,5.44303
2015-06-15 00:00:00,8.3,5.43561
2015-06-15 00:00:00,8.7,5.43267
2015-06-15 00:00:00,9,5.43963
2015-06-15 00:00:00,9.3,5.42174
2015-06-22 00:00:00,0.1,7.8561
2015-06-22 00:00:00,0.4,7.85533
2015-06-22 00:00:00,0.7,7.81978
2015-06-22 00:00:00,1,7.89089
2015-06-22 00:00:00,1.3,9.47907
2015-06-22 00:00:00,1.6,10.87387
2015-06-22 00:00:00,1.9,12.6064
2015-06-22 00:00:00,2.3,12.74303
2015-06-22 00:00:00,2.6,13.35824
2015-06-22 00:00:00,2.9,13.80628
2015-06-22 00:00:00,3.2,14.53121
2015-06-22 00:00:00,3.5,14.87637
2015-06-22 00:00:00,3.8,16.08416
2015-06-22 00:00:00,4.1,10.55298
2015-06-22 00:00:00,4.4,3.62276
2015-06-22 00:00:00,4.7,1.93575
2015-06-22 00:00:00,5,1.40696
2015-06-22 00:00:00,5.3,1.72148
2015-06-22 00:00:00,5.6,4.13888
2015-06-22 00:00:00,5.9,4.88023
2015-06-22 00:00:00,6.2,5.0167
2015-06-22 00:00:00,6.5,5.06234
2015-06-22 00:00:00,6.8,5.08316
2015-06-22 00:00:00,7.1,5.08952
2015-06-22 00:00:00,7.4,5.10249
2015-06-22 00:00:00,7.7,5.09113
2015-06-22 00:00:00,8,5.08542
2015-06-22 00:00:00,8.3,5.07977
2015-06-22 00:00:00,8.7,5.0737
2015-06-22 00:00:00,9,5.04868
2015-06-22 00:00:00,9.3,5.0345
2105-06-23 00:00:00,0.1,8.01046
2105-06-23 00:00:00,0.4,8.05541
2105-06-23 00:00:00,0.7,8.10108
2105-06-23 00:00:00,1,8.15042
2105-06-23 00:00:00,1.3,8.12439
2105-06-23 00:00:00,1.6,8.12166
2105-06-23 00:00:00,1.9,8.3451
2105-06-23 00:00:00,2.3,9.50593
2105-06-23 00:00:00,2.6,9.8529
2105-06-23 00:00:00,2.9,11.12653
2105-06-23 00:00:00,3.2,9.84265
2105-06-23 00:00:00,3.5,9.60199
2105-06-23 00:00:00,3.8,8.78267
2105-06-23 00:00:00,4.1,8.0604
2105-06-23 00:00:00,4.4,8.36027
2105-06-23 00:00:00,4.7,8.90018
2105-06-23 00:00:00,5,8.1315
2105-06-23 00:00:00,5.3,7.80802
2105-06-23 00:00:00,5.6,4.86821
2105-06-23 00:00:00,5.9,4.02028
2105-06-23 00:00:00,6.2,4.95746
2105-06-23 00:00:00,6.5,5.06953
2105-06-23 00:00:00,6.8,5.0972
2105-06-23 00:00:00,7.1,5.12923
2105-06-23 00:00:00,7.4,5.13317
2105-06-23 00:00:00,7.7,5.15178
2105-06-23 00:00:00,8,5.14461
2105-06-23 00:00:00,8.3,5.12592
2105-06-23 00:00:00,8.7,5.13599
2105-06-23 00:00:00,9,5.08515
2105-06-23 00:00:00,9.3,5.00972
2015-06-25 00:00:00,0.1,5.32693
2015-06-25 00:00:00,0.4,6.41965
2015-06-25 00:00:00,0.7,7.41068
2015-06-25 00:00:00,1,8.17634
2015-06-25 00:00:00,1.3,8.5398
2015-06-25 00:00:00,1.6,8.5303
2015-06-25 00:00:00,1.9,8.81012
2015-06-25 00:00:00,2.3,10.19724
2015-06-25 00:00:00,2.6,10.08988
2015-06-25 00:00:00,2.9,9.1552
2015-06-25 00:00:00,3.2,8.14565
2015-06-25 00:00:00,3.5,7.70359
2015-06-25 00:00:00,3.8,7.62364
2015-06-25 00:00:00,4.1,7.35543
2015-06-25 00:00:00,4.4,7.74651
2015-06-25 00:00:00,4.7,7.14258
2015-06-25 00:00:00,5,7.28918
2015-06-25 00:00:00,5.3,8.92389
2015-06-25 00:00:00,5.6,7.47197
2015-06-25 00:00:00,5.9,6.55926
2015-06-25 00:00:00,6.2,6.02014
2015-06-25 00:00:00,6.5,6.11587
2015-06-25 00:00:00,6.8,6.16626
2015-06-25 00:00:00,7.1,6.12846
2015-06-25 00:00:00,7.4,6.13722
2015-06-25 00:00:00,7.7,6.13231
2015-06-25 00:00:00,8,6.14744
2015-06-25 00:00:00,8.3,6.15088
2015-06-25 00:00:00,8.7,6.17981
2015-06-25 00:00:00,9,6.21278
2015-06-25 00:00:00,9.3,6.1789
2015-06-29 00:00:00,0.1,8.82918
2015-06-29 00:00:00,0.4,8.82563
2015-06-29 00:00:00,0.7,8.77089
2015-06-29 00:00:00,1,8.76798
2015-06-29 00:00:00,1.3,8.71357
2015-06-29 00:00:00,1.6,8.65351
2015-06-29 00:00:00,1.9,10.13708
2015-06-29 00:00:00,2.3,11.81568
2015-06-29 00:00:00,2.6,12.15018
2015-06-29 00:00:00,2.9,12.22723
2015-06-29 00:00:00,3.2,12.53472
2015-06-29 00:00:00,3.5,9.3923
2015-06-29 00:00:00,3.8,7.52556
2015-06-29 00:00:00,4.1,6.71103
2015-06-29 00:00:00,4.4,5.91328
2015-06-29 00:00:00,4.7,4.77196
2015-06-29 00:00:00,5,3.9587
2015-06-29 00:00:00,5.3,3.04815
2015-06-29 00:00:00,5.6,2.18849
2015-06-29 00:00:00,5.9,6.22297
2015-06-29 00:00:00,6.2,7.27073
2015-06-29 00:00:00,6.5,7.40989
2015-06-29 00:00:00,6.8,7.44894
2015-06-29 00:00:00,7.1,7.46176
2015-06-29 00:00:00,7.4,7.47748
2015-06-29 00:00:00,7.7,7.5024
2015-06-29 00:00:00,8,7.46939
2015-06-29 00:00:00,8.3,7.48678
2015-06-29 00:00:00,8.7,7.50953
2015-06-29 00:00:00,9,7.40927
2015-06-29 00:00:00,9.3,7.43522
2015-07-02 00:00:00,0.1,8.66639
2015-07-02 00:00:00,0.4,8.7792
2015-07-02 00:00:00,0.7,8.89189
2015-07-02 00:00:00,1,9.43644
2015-07-02 00:00:00,1.3,9.49326
2015-07-02 00:00:00,1.6,9.61963
2015-07-02 00:00:00,1.9,10.18798
2015-07-02 00:00:00,2.3,11.20946
2015-07-02 00:00:00,2.6,11.91411
2015-07-02 00:00:00,2.9,12.60213
2015-07-02 00:00:00,3.2,13.0473
2015-07-02 00:00:00,3.5,12.41977
2015-07-02 00:00:00,3.8,8.607
2015-07-02 00:00:00,4.1,5.3983
2015-07-02 00:00:00,4.4,3.70321
2015-07-02 00:00:00,4.7,2.65783
2015-07-02 00:00:00,5,1.29969
2015-07-02 00:00:00,5.3,0.53736
2015-07-02 00:00:00,5.6,1.47536
2015-07-02 00:00:00,5.9,6.68016
2015-07-02 00:00:00,6.2,7.49503
2015-07-02 00:00:00,6.5,7.83038
2015-07-02 00:00:00,6.8,7.93497
2015-07-02 00:00:00,7.1,8.08033
2015-07-02 00:00:00,7.4,8.1571
2015-07-02 00:00:00,7.7,8.18004
2015-07-02 00:00:00,8,8.18283
2015-07-02 00:00:00,8.3,8.19748
2015-07-02 00:00:00,8.7,8.18648
2015-07-02 00:00:00,9,8.17631
2015-07-02 00:00:00,9.3,8.20118
2015-07-06 00:00:00,0.1,10.03935
2015-07-06 00:00:00,0.4,9.99947
2015-07-06 00:00:00,0.7,9.953
2015-07-06 00:00:00,1,10.13484
2015-07-06 00:00:00,1.3,9.37325
2015-07-06 00:00:00,1.6,8.84219
2015-07-06 00:00:00,1.9,8.66879
2015-07-06 00:00:00,2.3,10.95821
2015-07-06 00:00:00,2.6,9.8783
2015-07-06 00:00:00,2.9,11.85234
2015-07-06 00:00:00,3.2,12.56544
2015-07-06 00:00:00,3.5,10.32281
2015-07-06 00:00:00,3.8,5.12037
2015-07-06 00:00:00,4.1,2.85352
2015-07-06 00:00:00,4.4,1.1029
2015-07-06 00:00:00,4.7,0.32315
2015-07-06 00:00:00,5,0.20345
2015-07-06 00:00:00,5.3,0.1585
2015-07-06 00:00:00,5.6,4.15304
2015-07-06 00:00:00,5.9,8.31433
2015-07-06 00:00:00,6.2,8.76542
2015-07-06 00:00:00,6.5,8.85364
2015-07-06 00:00:00,6.8,8.91184
2015-07-06 00:00:00,7.1,8.96669
2015-07-06 00:00:00,7.4,8.98669
2015-07-06 00:00:00,7.7,8.9946
2015-07-06 00:00:00,8,8.98354
2015-07-06 00:00:00,8.3,8.99927
2015-07-06 00:00:00,8.7,8.98173
2015-07-06 00:00:00,9,8.97523
2015-07-06 00:00:00,9.3,8.86352
2015-07-09 00:00:00,0.1,11.64828
2015-07-09 00:00:00,0.4,11.90386
2015-07-09 00:00:00,0.7,11.91051
2015-07-09 00:00:00,1,11.95056
2015-07-09 00:00:00,1.3,11.35648
2015-07-09 00:00:00,1.6,10.89069
2015-07-09 00:00:00,1.9,10.84889
2015-07-09 00:00:00,2.3,11.53955
2015-07-09 00:00:00,2.6,11.77114
2015-07-09 00:00:00,2.9,12.50699
2015-07-09 00:00:00,3.2,12.50208
2015-07-09 00:00:00,3.5,10.73776
2015-07-09 00:00:00,3.8,6.86039
2015-07-09 00:00:00,4.1,1.57806
2015-07-09 00:00:00,4.4,0.44851
2015-07-09 00:00:00,4.7,0.25244
2015-07-09 00:00:00,5,0.13967
2015-07-09 00:00:00,5.3,0.11448
2015-07-09 00:00:00,5.6,5.02163
2015-07-09 00:00:00,5.9,8.52162
2015-07-09 00:00:00,6.2,9.30426
2015-07-09 00:00:00,6.5,9.38591
2015-07-09 00:00:00,6.8,9.42085
2015-07-09 00:00:00,7.1,9.44651
2015-07-09 00:00:00,7.4,9.45489
2015-07-09 00:00:00,7.7,9.4681
2015-07-09 00:00:00,8,9.49102
2015-07-09 00:00:00,8.3,9.49743
2015-07-09 00:00:00,8.7,9.48399
2015-07-09 00:00:00,9,9.45865
2015-07-09 00:00:00,9.3,9.3012
2015-07-13 00:00:00,0.1,8.59993
2015-07-13 00:00:00,0.4,8.80308
2015-07-13 00:00:00,0.7,9.62825
2015-07-13 00:00:00,1,11.17495
2015-07-13 00:00:00,1.3,10.88483
2015-07-13 00:00:00,1.6,10.76918
2015-07-13 00:00:00,1.9,11.19368
2015-07-13 00:00:00,2.3,11.97988
2015-07-13 00:00:00,2.6,11.79432
2015-07-13 00:00:00,2.9,8.72484
2015-07-13 00:00:00,3.2,7.67302
2015-07-13 00:00:00,3.5,4.80851
2015-07-13 00:00:00,3.8,2.18048
2015-07-13 00:00:00,4.1,0.52454
2015-07-13 00:00:00,4.4,0.23105
2015-07-13 00:00:00,4.7,0.16494
2015-07-13 00:00:00,5,0.13056
2015-07-13 00:00:00,5.3,0.12986
2015-07-13 00:00:00,5.6,5.48541
2015-07-13 00:00:00,5.9,9.0786
2015-07-13 00:00:00,6.2,9.70207
2015-07-13 00:00:00,6.5,9.84197
2015-07-13 00:00:00,6.8,9.91635
2015-07-13 00:00:00,7.1,9.96911
2015-07-13 00:00:00,7.4,10.00913
2015-07-13 00:00:00,7.7,10.0007
2015-07-13 00:00:00,8,9.97588
2015-07-13 00:00:00,8.3,9.96188
2015-07-13 00:00:00,8.7,9.97437
2015-07-13 00:00:00,9,9.99534
2015-07-13 00:00:00,9.3,9.88151
2014-07-16 00:00:00,0.1,7.69618
2014-07-16 00:00:00,0.4,7.70873
2014-07-16 00:00:00,0.7,8.14485
2014-07-16 00:00:00,1,8.87631
2014-07-16 00:00:00,1.3,9.83499
2014-07-16 00:00:00,1.6,10.53803
2014-07-16 00:00:00,1.9,11.189
2014-07-16 00:00:00,2.3,11.2945
2014-07-16 00:00:00,2.6,11.87115
2014-07-16 00:00:00,2.9,12.37596
2014-07-16 00:00:00,3.2,9.70225
2014-07-16 00:00:00,3.5,3.55519
2014-07-16 00:00:00,3.8,0.73808
2014-07-16 00:00:00,4.1,0.27557
2014-07-16 00:00:00,4.4,0.16214
2014-07-16 00:00:00,4.7,0.11735
2014-07-16 00:00:00,5,0.102
2014-07-16 00:00:00,5.3,0.10135
2014-07-16 00:00:00,5.6,8.6703
2014-07-16 00:00:00,5.9,9.85148
2014-07-16 00:00:00,6.2,10.23292
2014-07-16 00:00:00,6.5,10.37441
2014-07-16 00:00:00,6.8,10.44862
2014-07-16 00:00:00,7.1,10.48202
2014-07-16 00:00:00,7.4,10.4726
2014-07-16 00:00:00,7.7,10.50487
2014-07-16 00:00:00,8,10.49704
2014-07-16 00:00:00,8.3,10.48042
2014-07-16 00:00:00,8.7,10.44414
2014-07-16 00:00:00,9,10.35603
2014-07-16 00:00:00,9.3,10.23418
2015-07-20 00:00:00,0.1,8.51491
2015-07-20 00:00:00,0.4,8.45851
2015-07-20 00:00:00,0.7,9.40601
2015-07-20 00:00:00,1,9.62625
2015-07-20 00:00:00,1.3,9.60305
2015-07-20 00:00:00,1.6,9.82216
2015-07-20 00:00:00,1.9,10.31799
2015-07-20 00:00:00,2.3,10.74587
2015-07-20 00:00:00,2.6,11.19247
2015-07-20 00:00:00,2.9,9.22078
2015-07-20 00:00:00,3.2,4.09024
2015-07-20 00:00:00,3.5,0.81842
2015-07-20 00:00:00,3.8,0.25897
2015-07-20 00:00:00,4.1,0.1634
2015-07-20 00:00:00,4.4,0.12334
2015-07-20 00:00:00,4.7,0.11173
2015-07-20 00:00:00,5,1.80648
2015-07-20 00:00:00,5.3,6.53023
2015-07-20 00:00:00,5.6,9.41361
2015-07-20 00:00:00,5.9,10.28349
2015-07-20 00:00:00,6.2,10.46558
2015-07-20 00:00:00,6.5,10.52436
2015-07-20 00:00:00,6.8,10.55298
2015-07-20 00:00:00,7.1,10.56911
2015-07-20 00:00:00,7.4,10.58356
2015-07-20 00:00:00,7.7,10.63821
2015-07-20 00:00:00,8,10.6171
2015-07-20 00:00:00,8.3,10.60801
2015-07-20 00:00:00,8.7,10.59453
2015-07-20 00:00:00,9,10.40186
2015-07-20 00:00:00,9.3,10.19739
2015-07-23 00:00:00,0.1,8.46828
2015-07-23 00:00:00,0.4,8.4429
2015-07-23 00:00:00,0.7,8.40639
2015-07-23 00:00:00,1,8.41723
2015-07-23 00:00:00,1.3,8.83002
2015-07-23 00:00:00,1.6,9.05421
2015-07-23 00:00:00,1.9,9.14647
2015-07-23 00:00:00,2.3,9.6331
2015-07-23 00:00:00,2.6,9.978
2015-07-23 00:00:00,2.9,6.6069
2015-07-23 00:00:00,3.2,2.02972
2015-07-23 00:00:00,3.5,0.68936
2015-07-23 00:00:00,3.8,0.2528
2015-07-23 00:00:00,4.1,0.14565
2015-07-23 00:00:00,4.4,0.10833
2015-07-23 00:00:00,4.7,0.10596
2015-07-23 00:00:00,5,1.3619
2015-07-23 00:00:00,5.3,4.77057
2015-07-23 00:00:00,5.6,9.18511
2015-07-23 00:00:00,5.9,10.02484
2015-07-23 00:00:00,6.2,10.17298
2015-07-23 00:00:00,6.5,10.27935
2015-07-23 00:00:00,6.8,10.32367
2015-07-23 00:00:00,7.1,10.37838
2015-07-23 00:00:00,7.4,10.36929
2015-07-23 00:00:00,7.7,10.38966
2015-07-23 00:00:00,8,10.38506
2015-07-23 00:00:00,8.3,10.37612
2015-07-23 00:00:00,8.7,10.39448
2015-07-23 00:00:00,9,10.33791
2015-07-23 00:00:00,9.3,10.16921
2015-07-27 00:00:00,0.1,8.28574
2015-07-27 00:00:00,0.4,8.28464
2015-07-27 00:00:00,0.7,8.2226
2015-07-27 00:00:00,1,8.18087
2015-07-27 00:00:00,1.3,8.00957
2015-07-27 00:00:00,1.6,8.37103
2015-07-27 00:00:00,1.9,9.02782
2015-07-27 00:00:00,2.3,9.44405
2015-07-27 00:00:00,2.6,9.8039
2015-07-27 00:00:00,2.9,8.44895
2015-07-27 00:00:00,3.2,4.86178
2015-07-27 00:00:00,3.5,1.02202
2015-07-27 00:00:00,3.8,0.38505
2015-07-27 00:00:00,4.1,0.24415
2015-07-27 00:00:00,4.4,0.17869
2015-07-27 00:00:00,4.7,0.14738
2015-07-27 00:00:00,5,1.64919
2015-07-27 00:00:00,5.3,7.89005
2015-07-27 00:00:00,5.6,8.93884
2015-07-27 00:00:00,5.9,9.11349
2015-07-27 00:00:00,6.2,9.19775
2015-07-27 00:00:00,6.5,9.29123
2015-07-27 00:00:00,6.8,9.32256
2015-07-27 00:00:00,7.1,9.33612
2015-07-27 00:00:00,7.4,9.32705
2015-07-27 00:00:00,7.7,9.33634
2015-07-27 00:00:00,8,9.32782
2015-07-27 00:00:00,8.3,9.3149
2015-07-27 00:00:00,8.7,9.3076
2015-07-27 00:00:00,9,9.2877
2015-07-27 00:00:00,9.3,9.02453
2015-07-30 00:00:00,0.1,7.18977
2015-07-30 00:00:00,0.4,8.19619
2015-07-30 00:00:00,0.7,8.2824
2015-07-30 00:00:00,1,8.52632
2015-07-30 00:00:00,1.3,8.71247
2015-07-30 00:00:00,1.6,9.291
2015-07-30 00:00:00,1.9,9.64894
2015-07-30 00:00:00,2.3,9.54181
2015-07-30 00:00:00,2.6,9.71248
2015-07-30 00:00:00,2.9,9.5334
2015-07-30 00:00:00,3.2,6.14879
2015-07-30 00:00:00,3.5,1.39559
2015-07-30 00:00:00,3.8,0.74972
2015-07-30 00:00:00,4.1,0.27815
2015-07-30 00:00:00,4.4,0.17907
2015-07-30 00:00:00,4.7,0.14084
2015-07-30 00:00:00,5,0.21352
2015-07-30 00:00:00,5.3,2.84939
2015-07-30 00:00:00,5.6,7.78705
2015-07-30 00:00:00,5.9,8.21004
2015-07-30 00:00:00,6.2,8.38286
2015-07-30 00:00:00,6.5,8.42335
2015-07-30 00:00:00,6.8,8.4628
2015-07-30 00:00:00,7.1,8.52597
2015-07-30 00:00:00,7.4,8.53139
2015-07-30 00:00:00,7.7,8.52093
2015-07-30 00:00:00,8,8.45784
2015-07-30 00:00:00,8.3,8.50069
2015-07-30 00:00:00,8.7,8.56799
2015-07-30 00:00:00,9,8.58176
2015-07-30 00:00:00,9.3,8.54686
2015-08-03 00:00:00,0.1,8.17988
2015-08-03 00:00:00,0.4,8.20796
2015-08-03 00:00:00,0.7,8.16367
2015-08-03 00:00:00,1,8.15391
2015-08-03 00:00:00,1.3,8.16945
2015-08-03 00:00:00,1.6,8.04166
2015-08-03 00:00:00,1.9,7.9685
2015-08-03 00:00:00,2.3,9.94582
2015-08-03 00:00:00,2.6,10.82056
2015-08-03 00:00:00,2.9,10.96431
2015-08-03 00:00:00,3.2,5.16924
2015-08-03 00:00:00,3.5,2.11834
2015-08-03 00:00:00,3.8,0.38878
2015-08-03 00:00:00,4.1,0.22282
2015-08-03 00:00:00,4.4,0.19435
2015-08-03 00:00:00,4.7,0.2416
2015-08-03 00:00:00,5,0.89906
2015-08-03 00:00:00,5.3,4.76245
2015-08-03 00:00:00,5.6,7.68661
2015-08-03 00:00:00,5.9,7.81644
2015-08-03 00:00:00,6.2,7.96353
2015-08-03 00:00:00,6.5,7.99768
2015-08-03 00:00:00,6.8,8.03375
2015-08-03 00:00:00,7.1,8.02477
2015-08-03 00:00:00,7.4,8.01371
2015-08-03 00:00:00,7.7,8.03192
2015-08-03 00:00:00,8,8.02184
2015-08-03 00:00:00,8.3,8.03811
2015-08-03 00:00:00,8.7,8.01158
2015-08-03 00:00:00,9,7.98285
2015-08-03 00:00:00,9.3,8.00473
2015-08-08 00:00:00,0.1,8.09767
2015-08-08 00:00:00,0.4,8.13774
2015-08-08 00:00:00,0.7,8.11474
2015-08-08 00:00:00,1,8.11968
2015-08-08 00:00:00,1.3,8.134
2015-08-08 00:00:00,1.6,8.13024
2015-08-08 00:00:00,1.9,8.13702
2015-08-08 00:00:00,2.3,8.49815
2015-08-08 00:00:00,2.6,9.4084
2015-08-08 00:00:00,2.9,10.60385
2015-08-08 00:00:00,3.2,5.73627
2015-08-08 00:00:00,3.5,0.78841
2015-08-08 00:00:00,3.8,0.35785
2015-08-08 00:00:00,4.1,0.24771
2015-08-08 00:00:00,4.4,0.18643
2015-08-08 00:00:00,4.7,0.15006
2015-08-08 00:00:00,5,0.12877
2015-08-08 00:00:00,5.3,4.93682
2015-08-08 00:00:00,5.6,7.09624
2015-08-08 00:00:00,5.9,7.24626
2015-08-08 00:00:00,6.2,7.32322
2015-08-08 00:00:00,6.5,7.33749
2015-08-08 00:00:00,6.8,7.3653
2015-08-08 00:00:00,7.1,7.38764
2015-08-08 00:00:00,7.4,7.39518
2015-08-08 00:00:00,7.7,7.38471
2015-08-08 00:00:00,8,7.3781
2015-08-08 00:00:00,8.3,7.36421
2015-08-08 00:00:00,8.7,7.33649
2015-08-08 00:00:00,9,7.36208
2015-08-08 00:00:00,9.3,7.36436
2015-08-10 00:00:00,0.1,8.52762
2015-08-10 00:00:00,0.4,8.51256
2015-08-10 00:00:00,0.7,8.45942
2015-08-10 00:00:00,1,8.44234
2015-08-10 00:00:00,1.3,8.27423
2015-08-10 00:00:00,1.6,8.07081
2015-08-10 00:00:00,1.9,8.10304
2015-08-10 00:00:00,2.3,8.37495
2015-08-10 00:00:00,2.6,9.11423
2015-08-10 00:00:00,2.9,9.77947
2015-08-10 00:00:00,3.2,7.88654
2015-08-10 00:00:00,3.5,1.70617
2015-08-10 00:00:00,3.8,0.55691
2015-08-10 00:00:00,4.1,0.1607
2015-08-10 00:00:00,4.4,0.11395
2015-08-10 00:00:00,4.7,0.09688
2015-08-10 00:00:00,5,0.17275
2015-08-10 00:00:00,5.3,5.06706
2015-08-10 00:00:00,5.6,7.38898
2015-08-10 00:00:00,5.9,7.53431
2015-08-10 00:00:00,6.2,7.59362
2015-08-10 00:00:00,6.5,7.60272
2015-08-10 00:00:00,6.8,7.60809
2015-08-10 00:00:00,7.1,7.64015
2015-08-10 00:00:00,7.4,7.61171
2015-08-10 00:00:00,7.7,7.5911
2015-08-10 00:00:00,8,7.59667
2015-08-10 00:00:00,8.3,7.59957
2015-08-10 00:00:00,8.7,7.57896
2015-08-10 00:00:00,9,7.51197
2015-08-10 00:00:00,9.3,7.51522
2015-08-13 00:00:00,0.1,8.65984
2015-08-13 00:00:00,0.4,8.6614
2015-08-13 00:00:00,0.7,8.62112
2015-08-13 00:00:00,1,8.34497
2015-08-13 00:00:00,1.3,8.24731
2015-08-13 00:00:00,1.6,8.28675
2015-08-13 00:00:00,1.9,8.17106
2015-08-13 00:00:00,2.3,8.13963
2015-08-13 00:00:00,2.6,7.76246
2015-08-13 00:00:00,2.9,7.53667
2015-08-13 00:00:00,3.2,2.56156
2015-08-13 00:00:00,3.5,0.46739
2015-08-13 00:00:00,3.8,0.20863
2015-08-13 00:00:00,4.1,0.1265
2015-08-13 00:00:00,4.4,0.11195
2015-08-13 00:00:00,4.7,0.10691
2015-08-13 00:00:00,5,0.09849
2015-08-13 00:00:00,5.3,1.18256
2015-08-13 00:00:00,5.6,6.14132
2015-08-13 00:00:00,5.9,7.71389
2015-08-13 00:00:00,6.2,7.90665
2015-08-13 00:00:00,6.5,7.97061
2015-08-13 00:00:00,6.8,7.95915
2015-08-13 00:00:00,7.1,7.97914
2015-08-13 00:00:00,7.4,7.98243
2015-08-13 00:00:00,7.7,7.98493
2015-08-13 00:00:00,8,7.98095
2015-08-13 00:00:00,8.3,7.98247
2015-08-13 00:00:00,8.7,7.99527
2015-08-13 00:00:00,9,7.99537
2015-08-13 00:00:00,9.3,7.9924
2015-08-17 00:00:00,0.1,8.62469
2015-08-17 00:00:00,0.4,8.56303
2015-08-17 00:00:00,0.7,8.5146
2015-08-17 00:00:00,1,9.28474
2015-08-17 00:00:00,1.3,9.31925
2015-08-17 00:00:00,1.6,9.24043
2015-08-17 00:00:00,1.9,9.24949
2015-08-17 00:00:00,2.3,9.6248
2015-08-17 00:00:00,2.6,10.20997
2015-08-17 00:00:00,2.9,6.64589
2015-08-17 00:00:00,3.2,1.2903
2015-08-17 00:00:00,3.5,0.32999
2015-08-17 00:00:00,3.8,0.16658
2015-08-17 00:00:00,4.1,0.12669
2015-08-17 00:00:00,4.4,0.11492
2015-08-17 00:00:00,4.7,0.10238
2015-08-17 00:00:00,5,0.12722
2015-08-17 00:00:00,5.3,2.17344
2015-08-17 00:00:00,5.6,7.80188
2015-08-17 00:00:00,5.9,8.15554
2015-08-17 00:00:00,6.2,8.27344
2015-08-17 00:00:00,6.5,8.28088
2015-08-17 00:00:00,6.8,8.27067
2015-08-17 00:00:00,7.1,8.30179
2015-08-17 00:00:00,7.4,8.27507
2015-08-17 00:00:00,7.7,8.31565
2015-08-17 00:00:00,8,8.29421
2015-08-17 00:00:00,8.3,8.24908
2015-08-17 00:00:00,8.7,8.21633
2015-08-17 00:00:00,9,8.24364
2015-08-17 00:00:00,9.3,8.21057
2015-08-20 00:00:00,0.1,6.36498
2015-08-20 00:00:00,0.4,6.39069
2015-08-20 00:00:00,0.7,6.58204
2015-08-20 00:00:00,1,7.42915
2015-08-20 00:00:00,1.3,8.34176
2015-08-20 00:00:00,1.6,8.45907
2015-08-20 00:00:00,1.9,8.86877
2015-08-20 00:00:00,2.3,9.69366
2015-08-20 00:00:00,2.6,9.26255
2015-08-20 00:00:00,2.9,3.79979
2015-08-20 00:00:00,3.2,0.87744
2015-08-20 00:00:00,3.5,0.38186
2015-08-20 00:00:00,3.8,0.26864
2015-08-20 00:00:00,4.1,0.21542
2015-08-20 00:00:00,4.4,0.17666
2015-08-20 00:00:00,4.7,0.14492
2015-08-20 00:00:00,5,0.18856
2015-08-20 00:00:00,5.3,2.62711
2015-08-20 00:00:00,5.6,7.72497
2015-08-20 00:00:00,5.9,8.31258
2015-08-20 00:00:00,6.2,8.41137
2015-08-20 00:00:00,6.5,8.34377
2015-08-20 00:00:00,6.8,8.3833
2015-08-20 00:00:00,7.1,8.42197
2015-08-20 00:00:00,7.4,8.4501
2015-08-20 00:00:00,7.7,8.46926
2015-08-20 00:00:00,8,8.41216
2015-08-20 00:00:00,8.3,8.42576
2015-08-20 00:00:00,8.7,8.42941
2015-08-20 00:00:00,9,8.38746
2015-08-20 00:00:00,9.3,8.39392
2015-08-24 00:00:00,0.1,7.0968
2015-08-24 00:00:00,0.4,8.62325
2015-08-24 00:00:00,0.7,8.85428
2015-08-24 00:00:00,1,8.89761
2015-08-24 00:00:00,1.3,8.92243
2015-08-24 00:00:00,1.6,8.8248
2015-08-24 00:00:00,1.9,8.75537
2015-08-24 00:00:00,2.3,7.97021
2015-08-24 00:00:00,2.6,6.20725
2015-08-24 00:00:00,2.9,1.7951
2015-08-24 00:00:00,3.2,0.41956
2015-08-24 00:00:00,3.5,0.27141
2015-08-24 00:00:00,3.8,0.2132
2015-08-24 00:00:00,4.1,0.20405
2015-08-24 00:00:00,4.4,0.16459
2015-08-24 00:00:00,4.7,0.13538
2015-08-24 00:00:00,5,0.19728
2015-08-24 00:00:00,5.3,6.17049
2015-08-24 00:00:00,5.6,8.48589
2015-08-24 00:00:00,5.9,8.69044
2015-08-24 00:00:00,6.2,8.61841
2015-08-24 00:00:00,6.5,8.71959
2015-08-24 00:00:00,6.8,8.71871
2015-08-24 00:00:00,7.1,8.75042
2015-08-24 00:00:00,7.4,8.71605
2015-08-24 00:00:00,7.7,8.70712
2015-08-24 00:00:00,8,8.72771
2015-08-24 00:00:00,8.3,8.7425
2015-08-24 00:00:00,8.7,8.7455
2015-08-24 00:00:00,9,8.78259
2015-08-24 00:00:00,9.3,8.7632
2015-08-31 00:00:00,0.1,9.3894
2015-08-31 00:00:00,0.4,9.37623
2015-08-31 00:00:00,0.7,9.33464
2015-08-31 00:00:00,1,9.2625
2015-08-31 00:00:00,1.3,9.05752
2015-08-31 00:00:00,1.6,8.66001
2015-08-31 00:00:00,1.9,8.31832
2015-08-31 00:00:00,2.3,7.07568
2015-08-31 00:00:00,2.6,5.18264
2015-08-31 00:00:00,2.9,2.49743
2015-08-31 00:00:00,3.2,0.44716
2015-08-31 00:00:00,3.5,0.26407
2015-08-31 00:00:00,3.8,0.18099
2015-08-31 00:00:00,4.1,0.13938
2015-08-31 00:00:00,4.4,0.12057
2015-08-31 00:00:00,4.7,0.412
2015-08-31 00:00:00,5,3.74434
2015-08-31 00:00:00,5.3,8.76565
2015-08-31 00:00:00,5.6,9.22166
2015-08-31 00:00:00,5.9,9.37754
2015-08-31 00:00:00,6.2,9.42307
2015-08-31 00:00:00,6.5,9.43803
2015-08-31 00:00:00,6.8,9.45054
2015-08-31 00:00:00,7.1,9.45291
2015-08-31 00:00:00,7.4,9.45321
2015-08-31 00:00:00,7.7,9.46868
2015-08-31 00:00:00,8,9.45162
2015-08-31 00:00:00,8.3,9.43865
2015-08-31 00:00:00,8.7,9.41656
2015-08-31 00:00:00,9,9.42398
2015-08-31 00:00:00,9.3,9.45139
2015-09-07 00:00:00,0.1,8.72884
2015-09-07 00:00:00,0.4,8.66913
2015-09-07 00:00:00,0.7,8.55769
2015-09-07 00:00:00,1,8.40553
2015-09-07 00:00:00,1.3,8.34034
2015-09-07 00:00:00,1.6,8.05934
2015-09-07 00:00:00,1.9,7.82336
2015-09-07 00:00:00,2.3,6.78897
2015-09-07 00:00:00,2.6,4.82681
2015-09-07 00:00:00,2.9,0.9966
2015-09-07 00:00:00,3.2,0.30643
2015-09-07 00:00:00,3.5,0.19063
2015-09-07 00:00:00,3.8,0.1509
2015-09-07 00:00:00,4.1,0.12889
2015-09-07 00:00:00,4.4,0.12347
2015-09-07 00:00:00,4.7,0.10876
2015-09-07 00:00:00,5,0.19877
2015-09-07 00:00:00,5.3,5.92604
2015-09-07 00:00:00,5.6,9.36236
2015-09-07 00:00:00,5.9,9.59369
2015-09-07 00:00:00,6.2,9.69173
2015-09-07 00:00:00,6.5,9.73739
2015-09-07 00:00:00,6.8,9.772
2015-09-07 00:00:00,7.1,9.78482
2015-09-07 00:00:00,7.4,9.76545
2015-09-07 00:00:00,7.7,9.76098
2015-09-07 00:00:00,8,9.73449
2015-09-07 00:00:00,8.3,9.75508
2015-09-07 00:00:00,8.7,9.71763
2015-09-07 00:00:00,9,9.71819
2015-09-07 00:00:00,9.3,9.76853
2015-09-14 00:00:00,0.1,6.7136
2015-09-14 00:00:00,0.4,6.58842
2015-09-14 00:00:00,0.7,6.54531
2015-09-14 00:00:00,1,6.49532
2015-09-14 00:00:00,1.3,6.46997
2015-09-14 00:00:00,1.6,6.44186
2015-09-14 00:00:00,1.9,6.3572
2015-09-14 00:00:00,2.3,6.24661
2015-09-14 00:00:00,2.6,6.32974
2015-09-14 00:00:00,2.9,6.24332
2015-09-14 00:00:00,3.2,6.12718
2015-09-14 00:00:00,3.5,1.51507
2015-09-14 00:00:00,3.8,0.41114
2015-09-14 00:00:00,4.1,0.26419
2015-09-14 00:00:00,4.4,0.2253
2015-09-14 00:00:00,4.7,0.19437
2015-09-14 00:00:00,5,0.23022
2015-09-14 00:00:00,5.3,4.16629
2015-09-14 00:00:00,5.6,9.43244
2015-09-14 00:00:00,5.9,9.85151
2015-09-14 00:00:00,6.2,9.90421
2015-09-14 00:00:00,6.5,10.01682
2015-09-14 00:00:00,6.8,9.99891
2015-09-14 00:00:00,7.1,10.05438
2015-09-14 00:00:00,7.4,10.07963
2015-09-14 00:00:00,7.7,10.06796
2015-09-14 00:00:00,8,10.03001
2015-09-14 00:00:00,8.3,10.02711
2015-09-14 00:00:00,8.7,9.99605
2015-09-14 00:00:00,9,9.99616
2015-09-14 00:00:00,9.3,9.96475
2015-09-21 00:00:00,0.1,7.3205
2015-09-21 00:00:00,0.4,7.31214
2015-09-21 00:00:00,0.7,7.29501
2015-09-21 00:00:00,1,7.3449
2015-09-21 00:00:00,1.3,7.34322
2015-09-21 00:00:00,1.6,7.36524
2015-09-21 00:00:00,1.9,7.38365
2015-09-21 00:00:00,2.3,7.38805
2015-09-21 00:00:00,2.6,7.38266
2015-09-21 00:00:00,2.9,6.76467
2015-09-21 00:00:00,3.2,4.42808
2015-09-21 00:00:00,3.5,2.25065
2015-09-21 00:00:00,3.8,0.7473
2015-09-21 00:00:00,4.1,0.19975
2015-09-21 00:00:00,4.4,0.12309
2015-09-21 00:00:00,4.7,0.09883
2015-09-21 00:00:00,5,0.09912
2015-09-21 00:00:00,5.3,0.68851
2015-09-21 00:00:00,5.6,6.44002
2015-09-21 00:00:00,5.9,9.30012
2015-09-21 00:00:00,6.2,9.87008
2015-09-21 00:00:00,6.5,9.96847
2015-09-21 00:00:00,6.8,9.99651
2015-09-21 00:00:00,7.1,9.99962
2015-09-21 00:00:00,7.4,10.00371
2015-09-21 00:00:00,7.7,10.00872
2015-09-21 00:00:00,8,10.00227
2015-09-21 00:00:00,8.3,10.00192
2015-09-21 00:00:00,8.7,9.95517
2015-09-21 00:00:00,9,9.92029
2015-09-21 00:00:00,9.3,9.91043
2015-09-28 00:00:00,0.1,7.0599
2015-09-28 00:00:00,0.4,7.07127
2015-09-28 00:00:00,0.7,6.7283
2015-09-28 00:00:00,1,5.93574
2015-09-28 00:00:00,1.3,5.85433
2015-09-28 00:00:00,1.6,5.6846
2015-09-28 00:00:00,1.9,6.47031
2015-09-28 00:00:00,2.3,6.3604
2015-09-28 00:00:00,2.6,6.1749
2015-09-28 00:00:00,2.9,6.12273
2015-09-28 00:00:00,3.2,5.9768
2015-09-28 00:00:00,3.5,5.30631
2015-09-28 00:00:00,3.8,5.13224
2015-09-28 00:00:00,4.1,4.3416
2015-09-28 00:00:00,4.4,3.84673
2015-09-28 00:00:00,4.7,2.57763
2015-09-28 00:00:00,5,0.44647
2015-09-28 00:00:00,5.3,0.19904
2015-09-28 00:00:00,5.6,1.86674
2015-09-28 00:00:00,5.9,8.10935
2015-09-28 00:00:00,6.2,9.38339
2015-09-28 00:00:00,6.5,9.51244
2015-09-28 00:00:00,6.8,9.65739
2015-09-28 00:00:00,7.1,9.66691
2015-09-28 00:00:00,7.4,9.6991
2015-09-28 00:00:00,7.7,9.71442
2015-09-28 00:00:00,8,9.66997
2015-09-28 00:00:00,8.3,9.66387
2015-09-28 00:00:00,8.7,9.61926
2015-09-28 00:00:00,9,9.62032
2015-09-28 00:00:00,9.3,9.62378
2015-10-02 00:00:00,0.1,6.79021
2015-10-02 00:00:00,0.4,6.71063
2015-10-02 00:00:00,0.7,6.72598
2015-10-02 00:00:00,1,6.73872
2015-10-02 00:00:00,1.3,6.74952
2015-10-02 00:00:00,1.6,6.7582
2015-10-02 00:00:00,1.9,6.79472
2015-10-02 00:00:00,2.3,6.80617
2015-10-02 00:00:00,2.6,6.77982
2015-10-02 00:00:00,2.9,6.65447
2015-10-02 00:00:00,3.2,6.19568
2015-10-02 00:00:00,3.5,5.62793
2015-10-02 00:00:00,3.8,5.48678
2015-10-02 00:00:00,4.1,5.50008
2015-10-02 00:00:00,4.4,5.51032
2015-10-02 00:00:00,4.7,5.33661
2015-10-02 00:00:00,5,4.05669
2015-10-02 00:00:00,5.3,3.05584
2015-10-02 00:00:00,5.6,0.89286
2015-10-02 00:00:00,5.9,0.32978
2015-10-02 00:00:00,6.2,0.16465
2015-10-02 00:00:00,6.5,2.31088
2015-10-02 00:00:00,6.8,7.65796
2015-10-02 00:00:00,7.1,8.3105
2015-10-02 00:00:00,7.4,9.06639
2015-10-02 00:00:00,7.7,9.20141
2015-10-02 00:00:00,8,9.07864
2015-10-02 00:00:00,8.3,9.05427
2015-10-02 00:00:00,8.7,8.71454
2015-10-02 00:00:00,9,8.23767
2015-10-02 00:00:00,9.3,7.82462
2015-10-05 00:00:00,0.1,6.83323
2015-10-05 00:00:00,0.4,6.83273
2015-10-05 00:00:00,0.7,6.8129
2015-10-05 00:00:00,1,6.78617
2015-10-05 00:00:00,1.3,6.77288
2015-10-05 00:00:00,1.6,6.76328
2015-10-05 00:00:00,1.9,6.75904
2015-10-05 00:00:00,2.3,6.72993
2015-10-05 00:00:00,2.6,6.70456
2015-10-05 00:00:00,2.9,6.68639
2015-10-05 00:00:00,3.2,6.66974
2015-10-05 00:00:00,3.5,6.62844
2015-10-05 00:00:00,3.8,6.58495
2015-10-05 00:00:00,4.1,6.55374
2015-10-05 00:00:00,4.4,6.52506
2015-10-05 00:00:00,4.7,6.51919
2015-10-05 00:00:00,5,6.49556
2015-10-05 00:00:00,5.3,6.46934
2015-10-05 00:00:00,5.6,6.3704
2015-10-05 00:00:00,5.9,6.29983
2015-10-05 00:00:00,6.2,6.23542
2015-10-05 00:00:00,6.5,6.08512
2015-10-05 00:00:00,6.8,6.03932
2015-10-05 00:00:00,7.1,6.04702
2015-10-05 00:00:00,7.4,6.04386
2015-10-05 00:00:00,7.7,6.00373
2015-10-05 00:00:00,8,5.97838
2015-10-05 00:00:00,8.3,5.95759
2015-10-05 00:00:00,8.7,5.91092
2015-10-05 00:00:00,9,5.86122
2015-10-05 00:00:00,9.3,5.80518
2015-10-19 00:00:00,0.1,6.82395
2015-10-19 00:00:00,0.4,6.58139
2015-10-19 00:00:00,0.7,6.38066
2015-10-19 00:00:00,1,6.42014
2015-10-19 00:00:00,1.3,6.81846
2015-10-19 00:00:00,1.6,7.10469
2015-10-19 00:00:00,1.9,7.08878
2015-10-19 00:00:00,2.3,7.12642
2015-10-19 00:00:00,2.6,7.17632
2015-10-19 00:00:00,2.9,7.1757
2015-10-19 00:00:00,3.2,7.19764
2015-10-19 00:00:00,3.5,7.21849
2015-10-19 00:00:00,3.8,7.23971
2015-10-19 00:00:00,4.1,7.2703
2015-10-19 00:00:00,4.4,7.28054
2015-10-19 00:00:00,4.7,7.28248
2015-10-19 00:00:00,5,7.31593
2015-10-19 00:00:00,5.3,7.35068
2015-10-19 00:00:00,5.6,7.34699
2015-10-19 00:00:00,5.9,7.34181
2015-10-19 00:00:00,6.2,7.34045
2015-10-19 00:00:00,6.5,7.37514
2015-10-19 00:00:00,6.8,7.30388
2015-10-19 00:00:00,7.1,7.28205
2015-10-19 00:00:00,7.4,7.29855
2015-10-19 00:00:00,7.7,7.28021
2015-10-19 00:00:00,8,7.29541
2015-10-19 00:00:00,8.3,7.29347
2015-10-19 00:00:00,8.7,7.2933
2015-10-19 00:00:00,9,7.30617
2015-10-19 00:00:00,9.3,7.33354
2015-10-23 00:00:00,0.1,8.39982
2015-10-23 00:00:00,0.4,8.30817
2015-10-23 00:00:00,0.7,8.30535
2015-10-23 00:00:00,1,8.28791
2015-10-23 00:00:00,1.3,8.2799
2015-10-23 00:00:00,1.6,8.23412
2015-10-23 00:00:00,1.9,8.08048
2015-10-23 00:00:00,2.3,8.02146
2015-10-23 00:00:00,2.6,7.86749
2015-10-23 00:00:00,2.9,7.76076
2015-10-23 00:00:00,3.2,7.71586
2015-10-23 00:00:00,3.5,7.72628
2015-10-23 00:00:00,3.8,7.6787
2015-10-23 00:00:00,4.1,7.62291
2015-10-23 00:00:00,4.4,7.66422
2015-10-23 00:00:00,4.7,7.69734
2015-10-23 00:00:00,5,7.73455
2015-10-23 00:00:00,5.3,7.71358
2015-10-23 00:00:00,5.6,7.74216
2015-10-23 00:00:00,5.9,7.7328
2015-10-23 00:00:00,6.2,7.744
2015-10-23 00:00:00,6.5,7.72699
2015-10-23 00:00:00,6.8,7.72706
2015-10-23 00:00:00,7.1,7.72185
2015-10-23 00:00:00,7.4,7.70631
2015-10-23 00:00:00,7.7,7.70668
2015-10-23 00:00:00,8,7.69774
2015-10-23 00:00:00,8.3,7.68586
2015-10-23 00:00:00,8.7,7.67398
2015-10-23 00:00:00,9,7.67757
2015-10-23 00:00:00,9.3,7.68249
2015-12-02 00:00:00,0.1,9.18826
2015-12-02 00:00:00,0.4,9.63568
2015-12-02 00:00:00,0.7,9.7964
2015-12-02 00:00:00,1,9.60528
2015-12-02 00:00:00,1.3,9.43867
2015-12-02 00:00:00,1.6,9.40228
2015-12-02 00:00:00,1.9,9.54632
2015-12-02 00:00:00,2.3,9.10046
2015-12-02 00:00:00,2.6,9.03318
2015-12-02 00:00:00,2.9,9.10774
2015-12-02 00:00:00,3.2,9.25805
2015-12-02 00:00:00,3.5,9.30689
2015-12-02 00:00:00,3.8,9.26872
2015-12-02 00:00:00,4.1,9.18589
2015-12-02 00:00:00,4.4,9.16736
2015-12-02 00:00:00,4.7,9.0993
2015-12-02 00:00:00,5,9.0161
2015-12-02 00:00:00,5.3,9.01883
2015-12-02 00:00:00,5.6,9.01232
2015-12-02 00:00:00,5.9,9.02059
2015-12-02 00:00:00,6.2,8.92073
2015-12-02 00:00:00,6.5,9.20451
2015-12-02 00:00:00,6.8,9.18943
2015-12-02 00:00:00,7.1,9.14612
2015-12-02 00:00:00,7.4,9.03493
2015-12-02 00:00:00,7.7,9.1398
2015-12-02 00:00:00,8,8.9826
2015-12-02 00:00:00,8.3,8.8823
2015-12-02 00:00:00,8.7,9.01033
2015-12-02 00:00:00,9,9.04956
2015-12-02 00:00:00,9.3,9.1219
2015-12-07 00:00:00,0.1,10.188
2015-12-07 00:00:00,0.4,10.16767
2015-12-07 00:00:00,0.7,10.16097
2015-12-07 00:00:00,1,10.17576
2015-12-07 00:00:00,1.3,10.17424
2015-12-07 00:00:00,1.6,10.1643
2015-12-07 00:00:00,1.9,10.18
2015-12-07 00:00:00,2.3,10.17608
2015-12-07 00:00:00,2.6,10.17967
2015-12-07 00:00:00,2.9,10.11098
2015-12-07 00:00:00,3.2,10.14359
2015-12-07 00:00:00,3.5,10.14552
2015-12-07 00:00:00,3.8,10.11457
2015-12-07 00:00:00,4.1,10.10289
2015-12-07 00:00:00,4.4,10.10539
2015-12-07 00:00:00,4.7,10.08076
2015-12-07 00:00:00,5,10.09557
2015-12-07 00:00:00,5.3,10.08639
2015-12-07 00:00:00,5.6,10.05028
2015-12-07 00:00:00,5.9,10.08519
2015-12-07 00:00:00,6.2,10.06143
2015-12-07 00:00:00,6.5,10.07776
2015-12-07 00:00:00,6.8,10.0454
2015-12-07 00:00:00,7.1,10.05592
2015-12-07 00:00:00,7.4,10.03707
2015-12-07 00:00:00,7.7,10.04969
2015-12-07 00:00:00,8,10.0334
2015-12-07 00:00:00,8.3,10.03043
2015-12-07 00:00:00,8.7,10.03426
2015-12-07 00:00:00,9,10.02513
2015-12-07 00:00:00,9.3,10.03241
