time,flow,temp,salt,OGM_doc,NIT_amm,OXY_oxy,NIT_nit,PHS_frp,PHS_dop,PHS_pop,NIT_don,NIT_pon
2015-03-31 12:00:00,0.078410933,9.729166667,0,39.69642573,0.831531681,331.8626074,0.567705309,0.066442034,0.23535,0.477831818,0.268025962,0.268025962
2015-04-01 12:00:00,0.067992336,9.729166667,0,39.52113691,0.831531681,331.8626074,0.567705309,0.066442034,0.23535,0.477831818,0.268025962,0.268025962
2015-04-02 12:00:00,0.061905575,11.60125,0,39.34584809,0.831531681,317.4822713,0.567705309,0.066442034,0.23535,0.477831818,0.268025962,0.268025962
2015-04-03 12:00:00,0.059377098,11.86260417,0,39.17055927,0.831531681,315.5584521,0.567705309,0.066442034,0.23535,0.477831818,0.268025962,0.268025962
2015-04-04 12:00:00,0.058444384,12.16677083,0,38.99527045,0.831531681,313.3445742,0.567705309,0.066442034,0.23535,0.477831818,0.268025962,0.268025962
2015-04-05 12:00:00,0.051106209,10.69697917,0,38.81998163,0.831531681,324.295078,0.567705309,0.066442034,0.23535,0.477831818,0.268025962,0.268025962
2015-04-06 12:00:00,0.050921707,9.392395833,0,38.64469281,0.831531681,334.5645693,0.567705309,0.066442034,0.23535,0.477831818,0.268025962,0.268025962
2015-04-07 12:00:00,0.050737204,8.711979167,0,38.46940399,0.831531681,340.1343282,0.567705309,0.066442034,0.23535,0.477831818,0.268025962,0.268025962
2015-04-08 12:00:00,0.052330693,10.10697917,0,38.56408159,0.839846998,328.873854,0.567974109,0.068302271,0.232183411,0.471402683,0.266169478,0.266169478
2015-04-09 12:00:00,0.06449555,9.637083333,0,38.6587592,0.848162315,332.5978402,0.568242909,0.070162507,0.229016822,0.464973548,0.264312995,0.264312995
2015-04-10 12:00:00,0.063404414,10.49072917,0,38.7534368,0.856477632,325.8835478,0.568511709,0.072022744,0.225850234,0.458544414,0.262456511,0.262456511
2015-04-11 12:00:00,0.058507386,11.74385417,0,38.8481144,0.864792948,316.4300845,0.568780509,0.073882981,0.222683645,0.452115279,0.260600027,0.260600027
2015-04-12 12:00:00,0.053789602,12.78729167,0,38.94279201,0.873108265,308.9105512,0.569049309,0.075743217,0.219517056,0.445686144,0.258743544,0.258743544
2015-04-13 12:00:00,0.053017855,13.745625,0,39.03746961,0.881423582,302.2748817,0.569318109,0.077603454,0.216350467,0.439257009,0.25688706,0.25688706
2015-04-14 12:00:00,0.061669645,13.52333333,0,39.06587289,0.825780254,303.7915188,0.544722922,0.077484996,0.216324431,0.439204148,0.270054022,0.270054022
2015-04-15 12:00:00,0.072548237,11.50135417,0,39.09427617,0.770136925,318.2229068,0.520127734,0.077366537,0.216298395,0.439151288,0.283220984,0.283220984
2015-04-16 12:00:00,0.071514244,8.745208333,0,39.12267945,0.714493597,339.8588435,0.495532547,0.077248079,0.216272359,0.439098427,0.296387946,0.296387946
2015-04-17 12:00:00,0.072892036,9.162916667,0,39.15108274,0.658850269,336.4263877,0.470937359,0.07712962,0.216246324,0.439045566,0.309554909,0.309554909
2015-04-18 12:00:00,0.069971951,9.132708333,0,39.17948602,0.60320694,336.6727315,0.446342172,0.077011162,0.216220288,0.438992705,0.322721871,0.322721871
2015-04-19 12:00:00,0.07719003,10.26322917,0,39.2078893,0.547563612,327.6508128,0.421746984,0.076892703,0.216194252,0.438939845,0.335888833,0.335888833
2015-04-20 12:00:00,0.122626312,11.52197917,0,39.23629258,0.491920283,318.0697501,0.397151797,0.076774245,0.216168216,0.438886984,0.349055795,0.349055795
2015-04-21 12:00:00,0.095911388,12.0828125,0,39.26469586,0.436276955,313.9529853,0.372556609,0.076655786,0.21614218,0.438834123,0.362222757,0.362222757
2015-04-22 12:00:00,0.091209834,12.74479167,0,40.87800223,0.500661265,309.2107509,0.37117421,0.073767656,0.217093297,0.440765179,0.348759151,0.348759151
2015-04-23 12:00:00,0.08857981,12.15916667,0,42.4913086,0.565045576,313.3995946,0.36979181,0.070879526,0.218044414,0.442696235,0.335295545,0.335295545
2015-04-24 12:00:00,0.087414327,11.8853125,0,44.10461497,0.629429886,315.3922407,0.368409411,0.067991396,0.218995531,0.444627291,0.321831939,0.321831939
2015-04-25 12:00:00,0.087341412,11.83604167,0,45.71792133,0.693814196,315.7530646,0.367027012,0.065103265,0.219946649,0.446558347,0.308368334,0.308368334
2015-04-26 12:00:00,0.0882827,13.3246875,0,47.3312277,0.758198506,305.1582697,0.365644613,0.062215135,0.220897766,0.448489403,0.294904728,0.294904728
2015-04-27 12:00:00,0.087140576,14.45895833,0,48.94453407,0.822582817,297.4979649,0.364262213,0.059327005,0.221848883,0.450420459,0.281441122,0.281441122
2015-04-28 12:00:00,0.08527375,12.44739583,0,50.55784044,0.886967127,311.3257235,0.362879814,0.056438875,0.2228,0.452351515,0.267977516,0.267977516
2015-04-29 12:00:00,0.083924849,11.99645833,0,49.79825555,0.874296168,314.5808862,0.375551808,0.059703064,0.222406953,0.451553511,0.26737099,0.26737099
2015-04-30 12:00:00,0.083063242,12.68052083,0,49.03867066,0.861625209,309.6656979,0.388223801,0.062967252,0.222013907,0.450755507,0.266764464,0.266764464
2015-05-01 12:00:00,0.086396743,13.34791667,0,48.27908577,0.84895425,304.9978845,0.400895795,0.066231441,0.22162086,0.449957503,0.266157938,0.266157938
2015-05-02 12:00:00,0.083511568,13.04666667,0,47.51950088,0.836283291,307.0894507,0.413567788,0.06949563,0.221227813,0.449159499,0.265551411,0.265551411
2015-05-03 12:00:00,0.08121717,13.29229167,0,46.75991599,0.823612332,305.3821944,0.426239782,0.072759819,0.220834766,0.448361495,0.264944885,0.264944885
2015-05-04 12:00:00,0.079228326,13.66979167,0,46.0003311,0.810941373,302.7907594,0.438911775,0.076024007,0.22044172,0.447563491,0.264338359,0.264338359
2015-05-05 12:00:00,0.077873958,13.63166667,0,45.24074621,0.798270414,303.0507065,0.451583769,0.079288196,0.220048673,0.446765487,0.263731833,0.263731833
2015-05-06 12:00:00,0.074339448,14.01635417,0,44.08838452,0.810941373,300.4458676,0.509183739,0.077076971,0.220144764,0.446960581,0.254629067,0.254629067
2015-05-07 12:00:00,0.071483431,14.53489583,0,42.93602283,0.823612332,296.9974106,0.56678371,0.074865747,0.220240855,0.447155676,0.245526302,0.245526302
2015-05-08 12:00:00,0.068744758,14.95635417,0,41.78366114,0.836283291,294.2467163,0.62438368,0.072654522,0.220336946,0.44735077,0.236423536,0.236423536
2015-05-09 12:00:00,0.064586311,15.01770833,0,40.63129944,0.84895425,293.8501258,0.681983651,0.070443298,0.220433038,0.447545865,0.22732077,0.22732077
2015-05-10 12:00:00,0.061268324,14.80697917,0,39.47893775,0.861625209,295.2163388,0.739583621,0.068232073,0.220529129,0.447740959,0.218218004,0.218218004
2015-05-11 12:00:00,0.059193881,15.15083333,0,38.32657606,0.874296168,292.992943,0.797183592,0.066020849,0.22062522,0.447936054,0.209115239,0.209115239
2015-05-12 12:00:00,0.056639768,15.51572917,0,37.17421437,0.886967127,290.6666009,0.854783562,0.063809624,0.220721311,0.448131148,0.200012473,0.200012473
2015-05-13 12:00:00,0.05185892,15.80239583,0,37.06438835,0.856477632,288.8625756,0.886501946,0.065564564,0.219900112,0.446463865,0.198069453,0.198069453
2015-05-14 12:00:00,0.047994128,15.92125,0,36.95456233,0.825988137,288.12063,0.91822033,0.067319504,0.219078913,0.444796582,0.196126432,0.196126432
2015-05-15 12:00:00,0.046420356,15.5625,0,36.84473631,0.795498642,290.3708588,0.949938714,0.069074445,0.218257715,0.4431293,0.194183412,0.194183412
2015-05-16 12:00:00,0.046864026,14.64864583,0,36.73491028,0.765009147,296.250443,0.981657097,0.070829385,0.217436516,0.441462017,0.192240392,0.192240392
2015-05-17 12:00:00,0.045739641,14.68520833,0,36.62508426,0.734519652,296.0110658,1.013375481,0.072584325,0.216615317,0.439794734,0.190297371,0.190297371
2015-05-18 12:00:00,0.049894304,15.11614583,0,36.51525824,0.704030157,293.2158551,1.045093865,0.074339265,0.215794118,0.438127451,0.188354351,0.188354351
2015-05-19 12:00:00,0.05195102,15.476875,0,35.91148564,0.649861807,290.9127036,0.99532749,0.073286301,0.217411765,0.441411765,0.206416467,0.206416467
2015-05-20 12:00:00,0.047509215,16.1153125,0,35.30771303,0.595693458,286.9167126,0.945561116,0.072233337,0.219029412,0.444696078,0.224478584,0.224478584
2015-05-21 12:00:00,0.04567748,16.83291667,0,34.70394043,0.541525108,282.5446124,0.895794741,0.071180373,0.220647059,0.447980392,0.2425407,0.2425407
2015-05-22 12:00:00,0.044553794,17.1725,0,34.10016782,0.487356759,280.5186035,0.846028367,0.070127408,0.222264706,0.451264706,0.260602816,0.260602816
2015-05-23 12:00:00,0.041690773,16.9240625,0,33.49639522,0.433188409,281.9981458,0.796261992,0.069074444,0.223882353,0.45454902,0.278664932,0.278664932
2015-05-24 12:00:00,0.040244905,16.7678125,0,32.89262261,0.37902006,282.9361552,0.746495618,0.06802148,0.2255,0.457833333,0.296727049,0.296727049
2015-05-25 12:00:00,0.038519113,17.16572917,0,32.28885001,0.32485171,280.5587341,0.696729243,0.066968516,0.227117647,0.461117647,0.314789165,0.314789165
2015-05-26 12:00:00,0.037340811,17.61875,0,32.48009877,0.318357844,277.8972036,0.752255615,0.066772966,0.227488297,0.461870178,0.309266153,0.309266153
2015-05-27 12:00:00,0.0362603,18.03739583,0,32.67134753,0.311863977,275.4795035,0.807781986,0.066577415,0.227858946,0.46262271,0.303743141,0.303743141
2015-05-28 12:00:00,0.03490335,18.188125,0,32.86259629,0.305370111,274.6187247,0.863308358,0.066381865,0.228229596,0.463375241,0.298220129,0.298220129
2015-05-29 12:00:00,0.033463433,17.88020833,0,33.05384505,0.298876244,276.3826061,0.918834729,0.066186314,0.228600246,0.464127772,0.292697117,0.292697117
2015-05-30 12:00:00,0.032546469,18.09166667,0,33.24509381,0.292382378,275.168989,0.974361101,0.065990764,0.228970896,0.464880303,0.287174105,0.287174105
2015-05-31 12:00:00,0.032907299,18.08677083,0,33.43634257,0.285888511,275.1969738,1.029887472,0.065795213,0.229341545,0.465632835,0.281651093,0.281651093
2015-06-01 12:00:00,0.037425881,17.88875,0,33.62759132,0.279394645,276.3333875,1.085413844,0.065599663,0.229712195,0.466385366,0.276128081,0.276128081
2015-06-02 12:00:00,0.045172378,18.22666667,0,33.81884008,0.353519755,274.3994379,1.105689034,0.067931226,0.219909325,0.446482569,0.257137398,0.257137398
2015-06-03 12:00:00,0.060842357,18.62977528,0,34.01008884,0.427644865,272.125624,1.125964223,0.07026279,0.210106455,0.426579773,0.238146715,0.238146715
2015-06-04 12:00:00,0.060954104,19.01958333,0,34.2013376,0.501769975,269.9605963,1.146239413,0.072594353,0.200303585,0.406676976,0.219156032,0.219156032
2015-06-05 12:00:00,0.058672169,19.03822917,0,34.39258636,0.575895084,269.8578564,1.166514603,0.074925917,0.190500715,0.386774179,0.200165348,0.200165348
2015-06-06 12:00:00,0.054199648,18.96666667,0,34.58383512,0.650020194,270.2525766,1.186789793,0.07725748,0.180697845,0.366871382,0.181174665,0.181174665
2015-06-07 12:00:00,0.048896886,19.3865625,0,35.76541162,0.724145304,267.9521162,1.207064982,0.079589044,0.170894975,0.346968586,0.162183982,0.162183982
2015-06-08 12:00:00,0.073705147,19.6675,0,36.94698812,0.798270414,266.4337026,1.227340172,0.081920607,0.161092105,0.327065789,0.143193299,0.143193299
2015-06-09 12:00:00,0.068793695,19.97989583,0,37.1644761,0.770552691,264.7644513,1.212594579,0.084146874,0.165378947,0.335769378,0.147773611,0.147773611
2015-06-10 12:00:00,0.061704201,20.38541667,0,37.38196408,0.742834969,262.6272107,1.197848987,0.086373141,0.169665789,0.344472966,0.152353923,0.152353923
2015-06-11 12:00:00,0.055660557,20.380625,0,37.59945206,0.715117246,262.6522716,1.183103394,0.088599408,0.173952631,0.353176555,0.156934235,0.156934235
2015-06-12 12:00:00,0.05084249,20.28927083,0,37.81694005,0.687399523,263.1309416,1.168357802,0.090825674,0.178239474,0.361880143,0.161514546,0.161514546
2015-06-13 12:00:00,0.048516353,20.54604167,0,38.03442803,0.6596818,261.7897648,1.153612209,0.093051941,0.182526316,0.370583732,0.166094858,0.166094858
2015-06-14 12:00:00,0.046819296,20.51,0,38.25191601,0.631964078,261.9772289,1.138866617,0.095278208,0.186813158,0.37928732,0.17067517,0.17067517
2015-06-15 12:00:00,0.044340361,20.8290625,0,38.46940399,0.604246355,260.3265671,1.124121024,0.097504475,0.1911,0.387990909,0.175255482,0.175255482
2015-06-16 12:00:00,0.041861426,21.52020833,0,38.68689197,0.571222668,256.8183954,1.118361027,0.095323335,0.194651454,0.395201437,0.184986644,0.184986644
2015-06-17 12:00:00,0.043413608,21.785625,0,38.90437995,0.538198982,255.4951157,1.11260103,0.093142195,0.198202908,0.402411964,0.194717807,0.194717807
2015-06-18 12:00:00,0.053531791,22.02458333,0,39.12186793,0.505175295,254.3148543,1.106841033,0.090961055,0.201754362,0.409622492,0.204448969,0.204448969
2015-06-19 12:00:00,0.05150543,22.1715625,0,39.33935592,0.472151608,253.5940558,1.101081036,0.088779916,0.205305815,0.416833019,0.214180132,0.214180132
2015-06-20 12:00:00,0.047070204,22.13760417,0,39.5568439,0.439127921,253.7602437,1.095321039,0.086598776,0.208857269,0.424043547,0.223911294,0.223911294
2015-06-21 12:00:00,0.044731479,22.12875,0,39.77433188,0.406104235,253.8036091,1.089561042,0.084417636,0.212408723,0.431254074,0.233642457,0.233642457
2015-06-22 12:00:00,0.040876793,22.195,0,39.99181986,0.373080548,253.4794767,1.083801045,0.082236496,0.215960177,0.438464602,0.243373619,0.243373619
2015-06-23 12:00:00,0.03806917,22.24895833,0,37.23102093,0.355816366,253.2160652,1.098546637,0.08688458,0.200135509,0.40633573,0.244622091,0.244622091
2015-06-24 12:00:00,0.032821942,22.891875,0,34.470222,0.338552185,250.1171618,1.11329223,0.091532665,0.184310841,0.374206859,0.245870563,0.245870563
2015-06-25 12:00:00,0.029014447,23.4425,0,35.39806252,0.321288003,247.519804,1.128037822,0.096180749,0.168486173,0.342077987,0.247119035,0.247119035
2015-06-26 12:00:00,0.029120419,23.48875,0,36.32590304,0.304023822,247.3039573,1.142783415,0.100828833,0.152661504,0.309949115,0.248367506,0.248367506
2015-06-27 12:00:00,0.034982545,23.67135417,0,37.25374355,0.28675964,246.4552043,1.157529007,0.105476917,0.136836836,0.277820243,0.249615978,0.249615978
2015-06-28 12:00:00,0.032146389,23.63635417,0,38.18158407,0.269495459,246.617461,1.1722746,0.110125002,0.121012168,0.245691372,0.25086445,0.25086445
2015-06-29 12:00:00,0.027810075,22.91895833,0,39.10942459,0.252231277,249.9882008,1.187020192,0.114773086,0.1051875,0.2135625,0.252112922,0.252112922
2015-06-30 12:00:00,0.026947702,23.41104167,0,40.03726511,0.267119654,247.6668218,1.123890624,0.114321816,0.117394636,0.238346685,0.263132033,0.263132033
2015-07-01 12:00:00,0.027545884,24.05989583,0,40.96510562,0.28200803,244.6673299,1.060761057,0.113870545,0.129601771,0.263130869,0.274151144,0.274151144
2015-07-02 12:00:00,0.025985137,24.41989583,0,41.89294614,0.296896407,243.0322988,0.997631489,0.113419275,0.141808907,0.287915054,0.285170255,0.285170255
2015-07-03 12:00:00,0.025766557,23.51697917,0,42.82078666,0.311784784,247.1723873,0.934501922,0.112968005,0.154016043,0.312699239,0.296189366,0.296189366
2015-07-04 12:00:00,0.027417704,22.74208333,0,43.74862718,0.326673161,250.8327025,0.871372354,0.112516735,0.166223179,0.337483424,0.307208477,0.307208477
2015-07-05 12:00:00,0.029112,22.486875,0,44.67646769,0.341561537,252.0608115,0.808242787,0.112065464,0.178430314,0.362267608,0.318227588,0.318227588
2015-07-06 12:00:00,0.044626662,22.85239583,0,45.60430821,0.356449914,250.3053736,0.745113219,0.111614194,0.19063745,0.387051793,0.329246699,0.329246699
2015-07-07 12:00:00,0.043588646,23.42989583,0,49.61647455,0.36246862,247.5786888,0.710783637,0.113268852,0.189084462,0.383898758,0.33569845,0.33569845
2015-07-08 12:00:00,0.040585892,23.71875,0,53.6286409,0.368487325,246.2358013,0.676454054,0.11492351,0.187531475,0.380745722,0.3421502,0.3421502
2015-07-09 12:00:00,0.038972354,23.51979167,0,57.64080724,0.374506031,247.1592861,0.642124472,0.116578168,0.185978487,0.377592687,0.348601951,0.348601951
2015-07-10 12:00:00,0.033134657,23.4784375,0,61.65297358,0.380524736,247.3520546,0.607794889,0.118232825,0.1844255,0.374439651,0.355053701,0.355053701
2015-07-11 12:00:00,0.031074506,23.48072917,0,65.66513992,0.386543442,247.3413648,0.573465307,0.119887483,0.182872512,0.371286616,0.361505452,0.361505452
2015-07-12 12:00:00,0.028454102,23.94520833,0,69.67730627,0.392562147,245.1925306,0.539135724,0.121542141,0.181319525,0.36813358,0.367957202,0.367957202
2015-07-13 12:00:00,0.072034812,24.13510417,0,73.68947261,0.398580853,244.3240605,0.504806142,0.123196799,0.179766537,0.364980545,0.374408953,0.374408953
2015-07-14 12:00:00,0.068903652,24.35729167,0,68.83981523,0.380207962,243.3151685,0.588902099,0.117931979,0.180989118,0.367462756,0.360899914,0.360899914
2015-07-15 12:00:00,0.0569916,23.8721875,0,63.99015786,0.361835072,245.5280234,0.672998056,0.112667158,0.1822117,0.369944967,0.347390876,0.347390876
2015-07-16 12:00:00,0.046985698,23.0546875,0,59.14050048,0.343462181,249.3438027,0.757094013,0.107402338,0.183434281,0.372427178,0.333881837,0.333881837
2015-07-17 12:00:00,0.042495852,22.746875,0,54.29084311,0.325089291,250.809753,0.841189969,0.102137517,0.184656863,0.374909388,0.320372798,0.320372798
2015-07-18 12:00:00,0.041686632,22.89260417,0,49.44118573,0.3067164,250.1136881,0.925285926,0.096872697,0.185879444,0.377391599,0.306863759,0.306863759
2015-07-19 12:00:00,0.041232588,22.80760417,0,44.59152836,0.28834351,250.5192379,1.009381883,0.091607876,0.187102026,0.37987381,0.293354721,0.293354721
2015-07-20 12:00:00,0.037991922,22.831875,0,39.74187098,0.269970619,250.4033103,1.09347784,0.086343056,0.188324607,0.382356021,0.279845682,0.279845682
2015-07-21 12:00:00,0.033133335,23.081875,0,39.31176415,0.269337071,249.2151035,1.179186596,0.089802795,0.184650905,0.374897293,0.282850331,0.282850331
2015-07-22 12:00:00,0.02846233,23.66604167,0,38.88165732,0.268703523,246.4798196,1.264895352,0.093262534,0.180977204,0.367438566,0.285854981,0.285854981
2015-07-23 12:00:00,0.025334073,24.39125,0,38.45155049,0.268069975,243.1616558,1.350604108,0.096722273,0.177303502,0.359979838,0.28885963,0.28885963
2015-07-24 12:00:00,0.024077617,23.85208333,0,38.02144367,0.267436428,245.6205427,1.436312865,0.100182013,0.173629801,0.352521111,0.29186428,0.29186428
2015-07-25 12:00:00,0.022716733,23.18625,0,37.59133684,0.26680288,248.7221835,1.522021621,0.103641752,0.169956099,0.345062383,0.294868929,0.294868929
2015-07-26 12:00:00,0.021470461,24.45052083,0,37.16123001,0.266169332,242.8941456,1.607730377,0.107101491,0.166282398,0.337603656,0.297873579,0.297873579
2015-07-27 12:00:00,0.020366929,24.48020833,0,36.73112318,0.265535784,242.7603607,1.693439133,0.11056123,0.162608696,0.330144928,0.300878228,0.300878228
2015-07-28 12:00:00,0.025662917,23.20760417,0,36.30101635,0.283037546,248.6215638,1.702655128,0.110862077,0.158321694,0.321441016,0.285925456,0.285925456
2015-07-29 12:00:00,0.025721595,22.23958333,0,35.87090952,0.300539308,253.2617942,1.711871124,0.111162924,0.154034693,0.312737103,0.270972684,0.270972684
2015-07-30 12:00:00,0.024442868,22.02333333,0,35.44080269,0.31804107,254.3210012,1.721087119,0.111463771,0.149747691,0.304033191,0.256019912,0.256019912
2015-07-31 12:00:00,0.021960304,22.52635417,0,35.01069587,0.335542832,251.8700831,1.730303114,0.111764617,0.14546069,0.295329279,0.241067139,0.241067139
2015-08-01 12:00:00,0.019854987,22.11239583,0,34.58058904,0.353044594,253.8837447,1.739519109,0.112065464,0.141173688,0.286625366,0.226114367,0.226114367
2015-08-02 12:00:00,0.017767623,21.73625,0,34.15048221,0.370546356,255.7402947,1.748735105,0.112366311,0.136886687,0.277921454,0.211161595,0.211161595
2015-08-03 12:00:00,0.015634535,22.12802083,0,33.72037538,0.388048118,253.807181,1.7579511,0.112667158,0.132599685,0.269217542,0.196208823,0.196208823
2015-08-04 12:00:00,0.015417994,22.61921348,0,33.48665695,0.371575871,251.4225503,1.801727078,0.116578167,0.128312683,0.260513629,0.192343662,0.192343662
2015-08-05 12:00:00,0.014447735,23.4534375,0,33.25293852,0.355103625,247.4687272,1.845503055,0.120489177,0.124025682,0.251809717,0.188478501,0.188478501
2015-08-06 12:00:00,0.013371792,23.60125,0,33.01922009,0.338631378,246.7804026,1.889279033,0.124400186,0.11973868,0.243105804,0.18461334,0.18461334
2015-08-07 12:00:00,0.013423115,23.76260417,0,32.78550167,0.322159131,246.0331199,1.93305501,0.128311196,0.115451679,0.234401892,0.180748179,0.180748179
2015-08-08 12:00:00,0.012884859,23.335,0,32.55178324,0.305686884,248.0228773,1.976830988,0.132222205,0.111164677,0.22569798,0.176883018,0.176883018
2015-08-09 12:00:00,0.011894883,21.5925,0,32.31806481,0.289214638,256.4566757,2.020606965,0.136133215,0.106877676,0.216994067,0.173017857,0.173017857
2015-08-10 12:00:00,0.014545782,21.2203125,0,32.08434638,0.272742391,258.3294449,2.064382943,0.140044224,0.102590674,0.208290155,0.169152696,0.169152696
2015-08-11 12:00:00,0.018691479,20.9296875,0,32.97052875,0.267753201,259.8101113,1.990194181,0.140946765,0.105658901,0.214519586,0.17104395,0.17104395
2015-08-12 12:00:00,0.022837175,20.33364583,0,33.85671113,0.262764011,262.8982208,1.916005419,0.141849305,0.108727128,0.220749016,0.172935204,0.172935204
2015-08-13 12:00:00,0.021382127,20.591875,0,34.7428935,0.257774821,261.5517419,1.841816657,0.142751846,0.111795355,0.226978447,0.174826458,0.174826458
2015-08-14 12:00:00,0.020147271,20.60333333,0,35.62907587,0.252785631,261.492301,1.767627895,0.143654387,0.114863582,0.233207877,0.176717711,0.176717711
2015-08-15 12:00:00,0.019202693,21.21458333,0,36.51525824,0.247796441,258.3584774,1.693439133,0.144556928,0.117931809,0.239437308,0.178608965,0.178608965
2015-08-16 12:00:00,0.018328584,21.39114583,0,37.40144062,0.242807251,257.4666079,1.619250371,0.145459468,0.121000036,0.245666738,0.180500219,0.180500219
2015-08-17 12:00:00,0.017183884,21.91864583,0,38.28762299,0.237818061,254.8368118,1.545061609,0.146362009,0.124068263,0.251896169,0.182391473,0.182391473
2015-08-18 12:00:00,0.016071707,22.05614583,0,36.94049594,0.247004506,254.1597395,1.580082391,0.144707351,0.12713649,0.2581256,0.187941777,0.187941777
2015-08-19 12:00:00,0.016200618,22.2090625,0,35.59336889,0.256190952,253.4107766,1.615103173,0.143052693,0.130204717,0.26435503,0.19349208,0.19349208
2015-08-20 12:00:00,0.015735841,22.72208333,0,34.24624184,0.265377397,250.928535,1.650123955,0.141398035,0.133272944,0.270584461,0.199042384,0.199042384
2015-08-21 12:00:00,0.014269111,23.30604167,0,32.8991148,0.274563842,248.1587253,1.685144737,0.139743378,0.136341171,0.276813891,0.204592688,0.204592688
2015-08-22 12:00:00,0.012945444,23.12635417,0,31.55198775,0.283750287,249.0048209,1.720165519,0.13808872,0.139409398,0.283043322,0.210142992,0.210142992
2015-08-23 12:00:00,0.012149205,22.95479167,0,30.2048607,0.292936733,249.8177691,1.755186301,0.136434062,0.142477625,0.289272752,0.215693295,0.215693295
2015-08-24 12:00:00,0.011690313,21.74645833,0,28.85773365,0.302123178,255.6895668,1.790207083,0.134779404,0.145545852,0.295502183,0.221243599,0.221243599
2015-08-25 12:00:00,0.00956445,21.603125,0,29.0633193,0.265005188,256.4035944,1.769471094,0.129965854,0.149731823,0.304000972,0.219577714,0.219577714
2015-08-26 12:00:00,0.01065111,21.83145833,0,29.26890496,0.227887197,255.2679254,1.748735104,0.125152304,0.153917794,0.312499762,0.217911828,0.217911828
2015-08-27 12:00:00,0.01173777,22.34447917,0,29.47449061,0.190769207,252.7510337,1.727999115,0.120338754,0.158103765,0.320998551,0.216245943,0.216245943
2015-08-28 12:00:00,0.011116563,23.1965625,0,29.68007627,0.153651216,248.6735819,1.707263126,0.115525203,0.162289735,0.329497341,0.214580058,0.214580058
2015-08-29 12:00:00,0.010385484,22.14916667,0,29.88566192,0.116533226,253.7036349,1.686527137,0.110711653,0.166475706,0.33799613,0.212914172,0.212914172
2015-08-30 12:00:00,0.009899245,23.13552083,0,30.09124757,0.079415235,248.9615257,1.665791147,0.105898103,0.170661677,0.346494919,0.211248287,0.211248287
2015-08-31 12:00:00,0.009643829,23.6165625,0,30.29683323,0.042297245,246.7093023,1.645055158,0.101084553,0.174847648,0.354993709,0.209582402,0.209582402
2015-09-01 12:00:00,0.009358058,23.87875,0,30.50241888,0.055431486,245.497837,1.642405559,0.105371621,0.179033619,0.363492498,0.207916516,0.207916516
2015-09-02 12:00:00,0.008727469,23.97104167,0,30.70800453,0.068565727,245.0740452,1.639755961,0.109658689,0.18321959,0.371991288,0.206250631,0.206250631
2015-09-03 12:00:00,0.008060801,23.55208333,0,30.91359019,0.081699968,247.0089584,1.637106362,0.113945757,0.187405561,0.380490077,0.204584746,0.204584746
2015-09-04 12:00:00,0.013759784,23.5696875,0,31.11917584,0.094834208,246.927078,1.634456763,0.118232825,0.191591531,0.388988866,0.20291886,0.20291886
2015-09-05 12:00:00,0.016299156,23.49885417,0,31.3247615,0.107968449,247.2568488,1.631807165,0.122519893,0.195777502,0.397487656,0.201252975,0.201252975
2015-09-06 12:00:00,0.015476903,23.59479167,0,31.53034715,0.12110269,246.810402,1.629157566,0.126806961,0.199963473,0.405986445,0.19958709,0.19958709
2015-09-07 12:00:00,0.014456522,22.633125,0,31.7359328,0.134236931,251.3556344,1.626507968,0.13109403,0.204149444,0.414485235,0.197921204,0.197921204
2015-09-08 12:00:00,0.013694936,21.42427083,0,31.94151846,0.147371172,257.29994,1.623858369,0.135381098,0.208335415,0.422984024,0.196255319,0.196255319
2015-09-09 12:00:00,0.012777028,21.14583333,0,32.14710411,0.160505413,258.7073563,1.62120877,0.139668166,0.212521386,0.431482813,0.194589434,0.194589434
2015-09-10 12:00:00,0.012269285,21.38072917,0,32.35268976,0.173639654,257.5190618,1.618559172,0.143955234,0.216707357,0.439981603,0.192923548,0.192923548
2015-09-11 12:00:00,0.011724773,21.78052083,0,32.55827542,0.186773894,255.5204404,1.615909573,0.148242302,0.220893327,0.448480392,0.191257663,0.191257663
2015-09-12 12:00:00,0.010602499,21.4609375,0,32.76386107,0.199908135,257.115693,1.613259974,0.15252937,0.225079298,0.456979181,0.189591778,0.189591778
2015-09-13 12:00:00,0.009126238,20.34447917,0,32.96944673,0.213042376,262.8414661,1.610610376,0.156816438,0.229265269,0.465477971,0.187925892,0.187925892
2015-09-14 12:00:00,0.007266243,19.0378125,0,33.17503238,0.226176617,269.8601515,1.607960777,0.161103506,0.23345124,0.47397676,0.186260007,0.186260007
2015-09-15 12:00:00,0.006187978,19.42677083,0,33.17503238,0.267436427,267.7337861,1.520639222,0.160802659,0.237637211,0.48247555,0.216560924,0.216560924
2015-09-16 12:00:00,0.005569272,19.82864583,0,33.17503238,0.308696237,265.5701346,1.433317666,0.160501812,0.241823182,0.490974339,0.246861841,0.246861841
2015-09-17 12:00:00,0.00522526,18.99270833,0,33.17503238,0.349956047,270.1088105,1.345996111,0.160200965,0.246009153,0.499473128,0.277162758,0.277162758
2015-09-18 12:00:00,0.004783408,19.11229167,0,33.17503238,0.391215858,269.4505008,1.258674556,0.159900119,0.250195123,0.507971918,0.307463675,0.307463675
2015-09-19 12:00:00,0.0043372,18.89520833,0,33.17503238,0.432475668,270.6478197,1.171353001,0.159599272,0.254381094,0.516470707,0.337764592,0.337764592
2015-09-20 12:00:00,0.003788258,18.9521875,0,33.17503238,0.473735478,270.3325736,1.084031445,0.159298425,0.258567065,0.524969497,0.368065509,0.368065509
2015-09-21 12:00:00,0.01694425,19.34302083,0,33.17503238,0.514995288,268.1889295,0.99670989,0.158997578,0.262753036,0.533468286,0.398366426,0.398366426
2015-09-22 12:00:00,0.025549362,18.05333333,0,33.17503238,0.458767908,275.3882474,0.876487232,0.142210322,0.254499855,0.516711828,0.404639973,0.404639973
2015-09-23 12:00:00,0.02131867,16.61833333,0,33.17503238,0.402540527,283.8389692,0.756264573,0.125423066,0.246246674,0.499955369,0.41091352,0.41091352
2015-09-24 12:00:00,0.019804634,16.61041667,0,33.17503238,0.346313147,283.886933,0.636041915,0.10863581,0.237993493,0.483198911,0.417187067,0.417187067
2015-09-25 12:00:00,0.01877037,17.640625,0,33.17503238,0.290085766,277.7698859,0.515819256,0.091848553,0.229740312,0.466442452,0.423460615,0.423460615
2015-09-26 12:00:00,0.033791932,18.02958333,0,33.17503238,0.233858386,275.5242578,0.395596598,0.075061297,0.221487131,0.449685994,0.429734162,0.429734162
2015-09-27 12:00:00,0.064357266,17.6215625,0,33.17503238,0.177631005,277.880828,0.275373939,0.058274041,0.21323395,0.432929535,0.436007709,0.436007709
2015-09-28 12:00:00,0.065690153,17.631875,0,33.17503238,0.121403625,277.8207998,0.155151281,0.041486785,0.204980769,0.416173077,0.442281256,0.442281256
2015-09-29 12:00:00,0.122542357,18.13625,0,33.17503238,0.122274753,274.9143965,0.153814962,0.042795469,0.206983516,0.420239261,0.443802345,0.443802345
2015-09-30 12:00:00,0.091064748,18.3153125,0,33.17503238,0.123145882,273.8963332,0.152478642,0.044104153,0.208986264,0.424305445,0.445323433,0.445323433
2015-10-01 12:00:00,0.078194178,15.83458333,0,33.17503238,0.12401701,270.2113775,0.151142323,0.045412837,0.210989011,0.428371629,0.446844522,0.446844522
2015-10-02 12:00:00,0.085087217,11.02895833,0,33.17503238,0.124888139,266.5264218,0.149806003,0.046721521,0.212991758,0.432437812,0.44836561,0.44836561
2015-10-03 12:00:00,0.104507652,10.5409375,0,33.17503238,0.125759267,262.8414661,0.148469684,0.048030205,0.214994505,0.436503996,0.449886699,0.449886699
2015-10-04 12:00:00,0.092081128,13.35520833,0,33.17503238,0.126630396,270.7531005,0.147133364,0.049338889,0.216997253,0.44057018,0.451407787,0.451407787
2015-10-05 12:00:00,0.08196746,14.419375,0,33.17503238,0.127501524,278.6647349,0.145797045,0.050647573,0.219,0.444636364,0.452928876,0.452928876
2015-10-06 12:00:00,0.076460477,14.59239583,0,33.17503238,0.132221456,286.5763693,0.147760052,0.051724605,0.226928571,0.460733767,0.456291099,0.456291099
2015-10-07 12:00:00,0.075334404,18.26885417,0,33.17503238,0.136941388,294.4880036,0.149723059,0.052801637,0.234857143,0.476831169,0.459653322,0.459653322
2015-10-08 12:00:00,0.07458552,19.32604167,0,33.17503238,0.141661321,302.399638,0.151686066,0.053878668,0.242785714,0.492928572,0.463015545,0.463015545
2015-10-09 12:00:00,0.074592522,19.17947917,0,33.17503238,0.146381253,310.3112724,0.153649073,0.0549557,0.250714286,0.509025974,0.466377769,0.466377769
2015-10-10 12:00:00,0.074379439,13.644375,0,33.17503238,0.151101185,318.2229068,0.15561208,0.056032732,0.258642857,0.525123377,0.469739992,0.469739992
2015-10-11 12:00:00,0.074558523,14.70677083,0,33.17503238,0.155821117,317.9172922,0.157575087,0.057109764,0.266571429,0.541220779,0.473102215,0.473102215
2015-10-12 12:00:00,0.074444884,16.20729167,0,33.17503238,0.16054105,317.6116776,0.159538094,0.058186796,0.2745,0.557318182,0.476464438,0.476464438
2015-10-13 12:00:00,0.074155916,18.79979167,0,33.17503238,0.165260982,317.306063,0.161501101,0.059263828,0.282428571,0.573415585,0.479826661,0.479826661
2015-10-14 12:00:00,0.073782298,17.1915625,0,33.17503238,0.169980914,317.0004484,0.163464108,0.060340859,0.290357143,0.589512987,0.483188884,0.483188884
2015-10-15 12:00:00,0.077564228,13.92697917,0,33.17503238,0.174700846,316.6948338,0.165427115,0.061417891,0.298285714,0.60561039,0.486551107,0.486551107
2015-10-16 12:00:00,0.078324877,15.01145833,0,33.17503238,0.179420779,316.3892192,0.167390122,0.062494923,0.306214286,0.621707792,0.489913331,0.489913331
2015-10-17 12:00:00,0.078477953,10.35354167,0,33.17503238,0.184140711,316.0836046,0.169353129,0.063571955,0.314142857,0.637805195,0.493275554,0.493275554
2015-10-18 12:00:00,0.078903335,7.028958333,0,33.17503238,0.188860643,315.77799,0.171316136,0.064648987,0.322071429,0.653902597,0.496637777,0.496637777
2015-10-19 12:00:00,0.076386237,8.095416667,0,33.17503238,0.193580575,315.4723754,0.173279143,0.065726019,0.33,0.67,0.5,0.5
2015-10-20 12:00:00,0.073743782,13.0875,0,33.17503238,0.198300507,315.1667608,0.17524215,0.06680305,0.31482821,0.639196668,0.493862506,0.493862506
2015-10-21 12:00:00,0.067039641,15.18479167,0,33.17503238,0.20302044,314.8611462,0.177205157,0.067880082,0.29965642,0.608393337,0.487725012,0.487725012
2015-10-22 12:00:00,0.060388904,17.13166667,0,33.17503238,0.207740372,314.5555316,0.179168164,0.068957114,0.284484629,0.577590005,0.481587519,0.481587519
2015-10-23 12:00:00,0.052116151,19.38333333,0,33.17503238,0.212460304,314.249917,0.181131171,0.070034146,0.269312839,0.546786673,0.475450025,0.475450025
2015-10-24 12:00:00,0.043003883,14.665,0,33.17503238,0.217180236,313.9443024,0.183094178,0.071111178,0.254141049,0.515983342,0.469312531,0.469312531
2015-10-25 12:00:00,0.039624491,15.57802083,0,33.17503238,0.221900169,313.6386877,0.185057185,0.07218821,0.238969259,0.48518001,0.463175037,0.463175037
2015-10-26 12:00:00,0.035446457,11.7053125,0,33.17503238,0.226620101,313.3330731,0.187020192,0.073265241,0.223797468,0.454376678,0.457037543,0.457037543
2015-10-27 12:00:00,0.041049799,8.659791667,0,33.17503238,0.231340033,313.0274585,0.188983199,0.074342273,0.208625678,0.423573347,0.45090005,0.45090005
2015-10-28 12:00:00,0.10061504,15.58583333,0,33.17503238,0.236059965,312.7218439,0.190946206,0.075419305,0.193453888,0.392770015,0.444762556,0.444762556
2015-10-29 12:00:00,0.085359778,15.475625,0,33.17503238,0.240779897,312.4162293,0.192909213,0.076496337,0.178282098,0.361966683,0.438625062,0.438625062
2015-10-30 12:00:00,0.075443581,11.15895833,0,33.17503238,0.24549983,312.1106147,0.19487222,0.077573369,0.163110307,0.331163352,0.432487568,0.432487568
2015-10-31 12:00:00,0.080161042,12.85489362,0,33.17503238,0.250219762,311.8050001,0.196835227,0.078650401,0.147938517,0.30036002,0.426350074,0.426350074
2015-11-01 12:00:00,0.078216767,13.42885417,0,33.17503238,0.254939694,311.4993855,0.198798234,0.079727432,0.132766727,0.269556688,0.42021258,0.42021258
2015-11-02 12:00:00,0.07411869,13.64520833,0,33.17503238,0.259659626,311.1937709,0.200761241,0.080804464,0.117594937,0.238753357,0.414075087,0.414075087
2015-11-03 12:00:00,0.073489743,13.948125,0,33.17503238,0.264379559,310.8881563,0.202724248,0.081881496,0.102423146,0.207950025,0.407937593,0.407937593
2015-11-04 12:00:00,0.068010879,14.47385417,0,33.17503238,0.269099491,310.5825417,0.204687255,0.082958528,0.087251356,0.177146693,0.401800099,0.401800099
2015-11-05 12:00:00,0.066187016,15.15302083,0,33.17503238,0.273819423,310.2769271,0.206650262,0.08403556,0.072079566,0.146343362,0.395662605,0.395662605
2015-11-06 12:00:00,0.061244551,15.9325,0,33.17503238,0.278539355,309.9713125,0.208613269,0.085112592,0.056907776,0.11554003,0.389525111,0.389525111
2015-11-07 12:00:00,0.058076116,15.38822917,0,33.17503238,0.283259288,309.6656979,0.210576276,0.086189623,0.041735985,0.084736698,0.383387618,0.383387618
2015-11-08 12:00:00,0.052309041,12.7746875,0,33.17503238,0.28797922,311.26931,0.212539283,0.087266655,0.026564195,0.053933367,0.377250124,0.377250124
2015-11-09 12:00:00,0.066013975,12.87807292,0,33.17503238,0.292699152,312.8729221,0.21450229,0.088343687,0.011392405,0.023130035,0.37111263,0.37111263
2015-11-10 12:00:00,0.079718908,12.98145833,0,33.17503238,0.288680082,314.4765343,0.211075092,0.088343687,0.011392405,0.023130035,0.373686723,0.373686723
2015-11-11 12:00:00,0.075380641,12.4228125,0,33.17503238,0.284661012,316.0801464,0.207647894,0.088343687,0.011392405,0.023130035,0.376260816,0.376260816
2015-11-12 12:00:00,0.071158124,12.60677083,0,33.17503238,0.280641943,317.6837585,0.204220695,0.088343687,0.011392405,0.023130035,0.378834909,0.378834909
2015-11-13 12:00:00,0.068194587,11.23333333,0,33.17503238,0.276622873,319.2873706,0.200793497,0.088343687,0.011392405,0.023130035,0.381409001,0.381409001
2015-11-14 12:00:00,0.062530529,10.14385417,0,33.17503238,0.272603803,320.8909827,0.197366299,0.088343687,0.011392405,0.023130035,0.383983094,0.383983094
2015-11-15 12:00:00,0.055217982,10.11,0,33.17503238,0.268584733,322.4945949,0.193939101,0.088343687,0.011392405,0.023130035,0.386557187,0.386557187
2015-11-16 12:00:00,0.050622122,10.42260417,0,33.17503238,0.264565664,324.098207,0.190511902,0.088343687,0.011392405,0.023130035,0.38913128,0.38913128
2015-11-17 12:00:00,0.047276745,10.79958333,0,33.17503238,0.260546594,325.7018191,0.187084704,0.088343687,0.011392405,0.023130035,0.391705373,0.391705373
2015-11-18 12:00:00,0.047381718,11.08947917,0,33.17503238,0.256527524,327.3054312,0.183657506,0.088343687,0.011392405,0.023130035,0.394279466,0.394279466
2015-11-19 12:00:00,0.093799444,12.17677083,0,33.17503238,0.252508454,328.9090434,0.180230308,0.088343687,0.011392405,0.023130035,0.396853559,0.396853559
2015-11-20 12:00:00,0.088002376,10.19864583,0,33.17503238,0.248489384,330.5126555,0.176803109,0.088343687,0.011392405,0.023130035,0.399427651,0.399427651
2015-11-21 12:00:00,0.082230648,9.39125,0,33.17503238,0.244470315,332.1162676,0.173375911,0.088343687,0.011392405,0.023130035,0.402001744,0.402001744
2015-11-22 12:00:00,0.07908352,9.0528125,0,33.17503238,0.240451245,333.7198797,0.169948713,0.088343687,0.011392405,0.023130035,0.404575837,0.404575837
2015-11-23 12:00:00,0.076109615,7.9859375,0,33.17503238,0.236432175,335.3234918,0.166521515,0.088343687,0.011392405,0.023130035,0.40714993,0.40714993
2015-11-24 12:00:00,0.072409486,8.0278125,0,33.17503238,0.232413105,336.927104,0.163094316,0.088343687,0.011392405,0.023130035,0.409724023,0.409724023
2015-11-25 12:00:00,0.069431347,7.998229167,0,33.17503238,0.228394035,338.5307161,0.159667118,0.088343687,0.011392405,0.023130035,0.412298116,0.412298116
2015-11-26 12:00:00,0.060130857,8.637916667,0,33.17503238,0.224374966,340.1343282,0.15623992,0.088343687,0.011392405,0.023130035,0.414872209,0.414872209
2015-11-27 12:00:00,0.056867205,9.255833333,0,33.17503238,0.220355896,339.3823536,0.152812722,0.088343687,0.011392405,0.023130035,0.417446301,0.417446301
2015-11-28 12:00:00,0.05340927,9.837708333,0,33.17503238,0.216336826,338.630379,0.149385523,0.088343687,0.011392405,0.023130035,0.420020394,0.420020394
2015-11-29 12:00:00,0.050851776,10.55770833,0,33.17503238,0.212317756,337.8784043,0.145958325,0.088343687,0.011392405,0.023130035,0.422594487,0.422594487
2015-11-30 12:00:00,0.056731328,9.3840625,0,33.17503238,0.208298687,337.1264297,0.142531127,0.088343687,0.011392405,0.023130035,0.42516858,0.42516858
2015-12-01 12:00:00,0.090406263,9.210104167,0,33.17503238,0.204279617,336.3744551,0.139103929,0.088343687,0.011392405,0.023130035,0.427742673,0.427742673
2015-12-02 12:00:00,0.097527619,9.986979167,0,33.17503238,0.200260547,335.6224805,0.13567673,0.088343687,0.011392405,0.023130035,0.430316766,0.430316766
2015-12-03 12:00:00,0.090352015,8.345,0,33.17503238,0.196241477,334.8705059,0.132249532,0.088343687,0.011392405,0.023130035,0.432890859,0.432890859
2015-12-04 12:00:00,0.085163587,7.685208333,0,33.17503238,0.192222407,334.1185313,0.128822334,0.088343687,0.011392405,0.023130035,0.435464951,0.435464951
2015-12-05 12:00:00,0.082287565,7.652916667,0,33.17503238,0.188203338,333.3665566,0.125395136,0.088343687,0.011392405,0.023130035,0.438039044,0.438039044
2015-12-06 12:00:00,0.080976369,7.566145833,0,33.17503238,0.184184268,332.614582,0.121967937,0.088343687,0.011392405,0.023130035,0.440613137,0.440613137
2015-12-07 12:00:00,0.080949196,7.915520833,0,33.17503238,0.180165198,331.8626074,0.118540739,0.088343687,0.011392405,0.023130035,0.44318723,0.44318723
