DateTime,Depth,temp
2015-03-31 00:00:00,0.1,9.1197
2015-03-31 00:00:00,0.4,9.0605
2015-03-31 00:00:00,0.7,8.9598
2015-03-31 00:00:00,1,8.9267
2015-03-31 00:00:00,1.3,8.8572
2015-03-31 00:00:00,1.6,8.5925
2015-03-31 00:00:00,1.9,8.3513
2015-03-31 00:00:00,2.3,7.9014
2015-03-31 00:00:00,2.6,7.7677
2015-03-31 00:00:00,2.9,7.6398
2015-03-31 00:00:00,3.2,7.492
2015-03-31 00:00:00,3.5,7.3998
2015-03-31 00:00:00,3.8,7.305
2015-03-31 00:00:00,4.1,7.1949
2015-03-31 00:00:00,4.4,7.1242
2015-03-31 00:00:00,4.7,7.0711
2015-03-31 00:00:00,5,6.9913
2015-03-31 00:00:00,5.3,6.906
2015-03-31 00:00:00,5.6,6.8188
2015-03-31 00:00:00,5.9,6.718
2015-03-31 00:00:00,6.2,6.5898
2015-03-31 00:00:00,6.5,6.4531
2015-03-31 00:00:00,6.8,6.3576
2015-03-31 00:00:00,7.1,6.2532
2015-03-31 00:00:00,7.4,6.1838
2015-03-31 00:00:00,7.7,6.1037
2015-03-31 00:00:00,8,6.0283
2015-03-31 00:00:00,8.3,5.9654
2015-03-31 00:00:00,8.7,5.8771
2015-03-31 00:00:00,9,5.8218
2015-03-31 00:00:00,9.3,5.7982
2015-04-07 00:00:00,0.1,13.7576
2015-04-07 00:00:00,0.4,13.6131
2015-04-07 00:00:00,0.7,13.1815
2015-04-07 00:00:00,1,12.9994
2015-04-07 00:00:00,1.3,12.7445
2015-04-07 00:00:00,1.6,12.2985
2015-04-07 00:00:00,1.9,11.9251
2015-04-07 00:00:00,2.3,11.4992
2015-04-07 00:00:00,2.6,11.2399
2015-04-07 00:00:00,2.9,10.9499
2015-04-07 00:00:00,3.2,10.6159
2015-04-07 00:00:00,3.5,10.099
2015-04-07 00:00:00,3.8,9.1005
2015-04-07 00:00:00,4.1,8.4418
2015-04-07 00:00:00,4.4,7.8507
2015-04-07 00:00:00,4.7,7.6384
2015-04-07 00:00:00,5,7.3463
2015-04-07 00:00:00,5.3,7.14
2015-04-07 00:00:00,5.6,7.024
2015-04-07 00:00:00,5.9,6.9035
2015-04-07 00:00:00,6.2,6.8201
2015-04-07 00:00:00,6.5,6.7706
2015-04-07 00:00:00,6.8,6.7109
2015-04-07 00:00:00,7.1,6.6797
2015-04-07 00:00:00,7.4,6.6531
2015-04-07 00:00:00,7.7,6.6272
2015-04-07 00:00:00,8,6.5896
2015-04-07 00:00:00,8.3,6.549
2015-04-07 00:00:00,8.7,6.4872
2015-04-07 00:00:00,9,6.424
2015-04-07 00:00:00,9.3,6.3459
2015-04-13 00:00:00,0.1,15.4993
2015-04-13 00:00:00,0.4,14.7716
2015-04-13 00:00:00,0.7,14.3795
2015-04-13 00:00:00,1,14.1431
2015-04-13 00:00:00,1.3,14.0583
2015-04-13 00:00:00,1.6,13.8969
2015-04-13 00:00:00,1.9,13.6747
2015-04-13 00:00:00,2.3,12.935
2015-04-13 00:00:00,2.6,12.4898
2015-04-13 00:00:00,2.9,11.9458
2015-04-13 00:00:00,3.2,11.2302
2015-04-13 00:00:00,3.5,10.5995
2015-04-13 00:00:00,3.8,9.9286
2015-04-13 00:00:00,4.1,9.0815
2015-04-13 00:00:00,4.4,8.5539
2015-04-13 00:00:00,4.7,8.2091
2015-04-13 00:00:00,5,7.9887
2015-04-13 00:00:00,5.3,7.7227
2015-04-13 00:00:00,5.6,7.4906
2015-04-13 00:00:00,5.9,7.3561
2015-04-13 00:00:00,6.2,7.173
2015-04-13 00:00:00,6.5,7.0866
2015-04-13 00:00:00,6.8,7.0342
2015-04-13 00:00:00,7.1,6.9854
2015-04-13 00:00:00,7.4,6.9576
2015-04-13 00:00:00,7.7,6.9105
2015-04-13 00:00:00,8,6.8599
2015-04-13 00:00:00,8.3,6.8146
2015-04-13 00:00:00,8.7,6.7464
2015-04-13 00:00:00,9,6.6993
2015-04-13 00:00:00,9.3,6.6741
2015-04-16 00:00:00,0.1,15.0093
2015-04-16 00:00:00,0.4,15.0186
2015-04-16 00:00:00,0.7,15.0181
2015-04-16 00:00:00,1,15.0146
2015-04-16 00:00:00,1.3,14.9885
2015-04-16 00:00:00,1.6,14.7036
2015-04-16 00:00:00,1.9,13.8746
2015-04-16 00:00:00,2.3,12.9641
2015-04-16 00:00:00,2.6,12.3178
2015-04-16 00:00:00,2.9,11.7309
2015-04-16 00:00:00,3.2,11.0802
2015-04-16 00:00:00,3.5,10.3288
2015-04-16 00:00:00,3.8,9.5895
2015-04-16 00:00:00,4.1,8.792
2015-04-16 00:00:00,4.4,8.3289
2015-04-16 00:00:00,4.7,8.0072
2015-04-16 00:00:00,5,7.7668
2015-04-16 00:00:00,5.3,7.5699
2015-04-16 00:00:00,5.6,7.4076
2015-04-16 00:00:00,5.9,7.2732
2015-04-16 00:00:00,6.2,7.1839
2015-04-16 00:00:00,6.5,7.1144
2015-04-16 00:00:00,6.8,7.0627
2015-04-16 00:00:00,7.1,7.0154
2015-04-16 00:00:00,7.4,6.9812
2015-04-16 00:00:00,7.7,6.9371
2015-04-16 00:00:00,8,6.9099
2015-04-16 00:00:00,8.3,6.8567
2015-04-16 00:00:00,8.7,6.810225
2015-04-16 00:00:00,9,6.7755
2015-04-16 00:00:00,9.3,6.7575375
2015-04-21 00:00:00,0.1,16.1346
2015-04-21 00:00:00,0.4,15.8651
2015-04-21 00:00:00,0.7,15.2394
2015-04-21 00:00:00,1,14.6724
2015-04-21 00:00:00,1.3,13.7905
2015-04-21 00:00:00,1.6,13.4464
2015-04-21 00:00:00,1.9,13.2883
2015-04-21 00:00:00,2.3,12.9007
2015-04-21 00:00:00,2.6,12.5678
2015-04-21 00:00:00,2.9,12.2499
2015-04-21 00:00:00,3.2,11.9139
2015-04-21 00:00:00,3.5,11.4788
2015-04-21 00:00:00,3.8,10.366
2015-04-21 00:00:00,4.1,9.2895
2015-04-21 00:00:00,4.4,8.8656
2015-04-21 00:00:00,4.7,8.589
2015-04-21 00:00:00,5,8.2297
2015-04-21 00:00:00,5.3,7.9473
2015-04-21 00:00:00,5.6,7.7633
2015-04-21 00:00:00,5.9,7.5958
2015-04-21 00:00:00,6.2,7.4743
2015-04-21 00:00:00,6.5,7.3435
2015-04-21 00:00:00,6.8,7.2637
2015-04-21 00:00:00,7.1,7.2146
2015-04-21 00:00:00,7.4,7.174
2015-04-21 00:00:00,7.7,7.0716
2015-04-21 00:00:00,8,6.9982
2015-04-21 00:00:00,8.3,6.9595
2015-04-21 00:00:00,8.7,6.9166
2015-04-21 00:00:00,9,6.9025
2015-04-21 00:00:00,9.3,6.8966
2015-04-25 00:00:00,0.1,13.9891
2015-04-25 00:00:00,0.4,14.0022
2015-04-25 00:00:00,0.7,13.9996
2015-04-25 00:00:00,1,13.9945
2015-04-25 00:00:00,1.3,13.9888
2015-04-25 00:00:00,1.6,13.9742
2015-04-25 00:00:00,1.9,13.5755
2015-04-25 00:00:00,2.3,12.9394
2015-04-25 00:00:00,2.6,12.5776
2015-04-25 00:00:00,2.9,12.0064
2015-04-25 00:00:00,3.2,11.2914
2015-04-25 00:00:00,3.5,10.2984
2015-04-25 00:00:00,3.8,9.5527
2015-04-25 00:00:00,4.1,8.8893
2015-04-25 00:00:00,4.4,8.4708
2015-04-25 00:00:00,4.7,8.1388
2015-04-25 00:00:00,5,7.8602
2015-04-25 00:00:00,5.3,7.7328
2015-04-25 00:00:00,5.6,7.6412
2015-04-25 00:00:00,5.9,7.5519
2015-04-25 00:00:00,6.2,7.4939
2015-04-25 00:00:00,6.5,7.4474
2015-04-25 00:00:00,6.8,7.412
2015-04-25 00:00:00,7.1,7.3858
2015-04-25 00:00:00,7.4,7.3581
2015-04-25 00:00:00,7.7,7.3279
2015-04-25 00:00:00,8,7.3013
2015-04-25 00:00:00,8.3,7.2805
2015-04-25 00:00:00,8.7,7.235
2015-04-25 00:00:00,9,7.1885
2015-04-25 00:00:00,9.3,7.0602
2015-04-28 00:00:00,0.1,13.8397
2015-04-28 00:00:00,0.4,13.8381
2015-04-28 00:00:00,0.7,13.8032
2015-04-28 00:00:00,1,13.7489
2015-04-28 00:00:00,1.3,13.6689
2015-04-28 00:00:00,1.6,13.0814
2015-04-28 00:00:00,1.9,12.7447
2015-04-28 00:00:00,2.3,12.6544
2015-04-28 00:00:00,2.6,12.5287
2015-04-28 00:00:00,2.9,12.4222
2015-04-28 00:00:00,3.2,12.3355
2015-04-28 00:00:00,3.5,11.7921
2015-04-28 00:00:00,3.8,10.2956
2015-04-28 00:00:00,4.1,9.092
2015-04-28 00:00:00,4.4,8.6215
2015-04-28 00:00:00,4.7,8.4392
2015-04-28 00:00:00,5,8.3315
2015-04-28 00:00:00,5.3,8.2322
2015-04-28 00:00:00,5.6,8.0892
2015-04-28 00:00:00,5.9,7.9182
2015-04-28 00:00:00,6.2,7.7459
2015-04-28 00:00:00,6.5,7.6316
2015-04-28 00:00:00,6.8,7.5062
2015-04-28 00:00:00,7.1,7.3932
2015-04-28 00:00:00,7.4,7.3075
2015-04-28 00:00:00,7.7,7.2763
2015-04-28 00:00:00,8,7.235
2015-04-28 00:00:00,8.3,7.2157
2015-04-28 00:00:00,8.7,7.1717
2015-04-28 00:00:00,9,7.1383
2015-04-28 00:00:00,9.3,7.0845
2015-05-01 00:00:00,0.1,14.5864
2015-05-01 00:00:00,0.4,14.5932
2015-05-01 00:00:00,0.7,14.5951
2015-05-01 00:00:00,1,14.5925
2015-05-01 00:00:00,1.3,14.5859
2015-05-01 00:00:00,1.6,14.5899
2015-05-01 00:00:00,1.9,14.5877
2015-05-01 00:00:00,2.3,14.4669
2015-05-01 00:00:00,2.6,12.6004
2015-05-01 00:00:00,2.9,12.1295
2015-05-01 00:00:00,3.2,11.4893
2015-05-01 00:00:00,3.5,10.7542
2015-05-01 00:00:00,3.8,10.0854
2015-05-01 00:00:00,4.1,9.588
2015-05-01 00:00:00,4.4,9.0548
2015-05-01 00:00:00,4.7,8.869
2015-05-01 00:00:00,5,8.6175
2015-05-01 00:00:00,5.3,8.4562
2015-05-01 00:00:00,5.6,8.3098
2015-05-01 00:00:00,5.9,8.0594
2015-05-01 00:00:00,6.2,7.8216
2015-05-01 00:00:00,6.5,7.7223
2015-05-01 00:00:00,6.8,7.6301
2015-05-01 00:00:00,7.1,7.5233
2015-05-01 00:00:00,7.4,7.4438
2015-05-01 00:00:00,7.7,7.3892
2015-05-01 00:00:00,8,7.3288
2015-05-01 00:00:00,8.3,7.2876
2015-05-01 00:00:00,8.7,7.2547
2015-05-01 00:00:00,9,7.2349
2015-05-01 00:00:00,9.3,7.1863
2015-05-04 00:00:00,0.1,18.9468
2015-05-04 00:00:00,0.4,17.7374
2015-05-04 00:00:00,0.7,16.569
2015-05-04 00:00:00,1,16.0971
2015-05-04 00:00:00,1.3,15.6657
2015-05-04 00:00:00,1.6,15.2243
2015-05-04 00:00:00,1.9,14.5482
2015-05-04 00:00:00,2.3,13.7717
2015-05-04 00:00:00,2.6,13.0567
2015-05-04 00:00:00,2.9,12.6889
2015-05-04 00:00:00,3.2,12.2992
2015-05-04 00:00:00,3.5,11.8928
2015-05-04 00:00:00,3.8,11.176
2015-05-04 00:00:00,4.1,10.5839
2015-05-04 00:00:00,4.4,9.9465
2015-05-04 00:00:00,4.7,9.1552
2015-05-04 00:00:00,5,8.6937
2015-05-04 00:00:00,5.3,8.4445
2015-05-04 00:00:00,5.6,8.0953
2015-05-04 00:00:00,5.9,7.9167
2015-05-04 00:00:00,6.2,7.8193
2015-05-04 00:00:00,6.5,7.7412
2015-05-04 00:00:00,6.8,7.6904
2015-05-04 00:00:00,7.1,7.6386
2015-05-04 00:00:00,7.4,7.604
2015-05-04 00:00:00,7.7,7.5579
2015-05-04 00:00:00,8,7.5231
2015-05-04 00:00:00,8.3,7.5081
2015-05-04 00:00:00,8.7,7.4724
2015-05-04 00:00:00,9,7.3869
2015-05-04 00:00:00,9.3,7.337
2015-05-05 00:00:00,0.1,18.0438
2015-05-05 00:00:00,0.4,18.0455
2015-05-05 00:00:00,0.7,18.043
2015-05-05 00:00:00,1,18.0908
2015-05-05 00:00:00,1.3,18.0533
2015-05-05 00:00:00,1.6,17.6861
2015-05-05 00:00:00,1.9,15.8321
2015-05-05 00:00:00,2.3,12.9208
2015-05-05 00:00:00,2.6,12.2993
2015-05-05 00:00:00,2.9,11.7378
2015-05-05 00:00:00,3.2,11.4436
2015-05-05 00:00:00,3.5,11.1202
2015-05-05 00:00:00,3.8,11.035
2015-05-05 00:00:00,4.1,10.8644
2015-05-05 00:00:00,4.4,10.423
2015-05-05 00:00:00,4.7,9.9347
2015-05-05 00:00:00,5,9.529
2015-05-05 00:00:00,5.3,8.9279
2015-05-05 00:00:00,5.6,8.1838
2015-05-05 00:00:00,5.9,7.9084
2015-05-05 00:00:00,6.2,7.7833
2015-05-05 00:00:00,6.5,7.7204
2015-05-05 00:00:00,6.8,7.6635
2015-05-05 00:00:00,7.1,7.5981
2015-05-05 00:00:00,7.4,7.5749
2015-05-05 00:00:00,7.7,7.5795
2015-05-05 00:00:00,8,7.5436
2015-05-05 00:00:00,8.3,7.5315
2015-05-05 00:00:00,8.7,7.5781
2015-05-05 00:00:00,9,7.5265
2015-05-05 00:00:00,9.3,7.6173
2015-05-07 00:00:00,0.1,19.5555
2015-05-07 00:00:00,0.4,19.255
2015-05-07 00:00:00,0.7,18.8617
2015-05-07 00:00:00,1,17.6179
2015-05-07 00:00:00,1.3,16.8044
2015-05-07 00:00:00,1.6,15.8378
2015-05-07 00:00:00,1.9,14.7648
2015-05-07 00:00:00,2.3,13.5473
2015-05-07 00:00:00,2.6,12.9194
2015-05-07 00:00:00,2.9,12.4412
2015-05-07 00:00:00,3.2,12.0037
2015-05-07 00:00:00,3.5,11.4873
2015-05-07 00:00:00,3.8,10.956
2015-05-07 00:00:00,4.1,10.3185
2015-05-07 00:00:00,4.4,9.7623
2015-05-07 00:00:00,4.7,9.2316
2015-05-07 00:00:00,5,8.7743
2015-05-07 00:00:00,5.3,8.3025
2015-05-07 00:00:00,5.6,8.0046
2015-05-07 00:00:00,5.9,7.955
2015-05-07 00:00:00,6.2,7.9293
2015-05-07 00:00:00,6.5,7.9021
2015-05-07 00:00:00,6.8,7.8987
2015-05-07 00:00:00,7.1,7.8943
2015-05-07 00:00:00,7.4,7.8894
2015-05-07 00:00:00,7.7,7.8851
2015-05-07 00:00:00,8,7.8811
2015-05-07 00:00:00,8.3,7.8773
2015-05-07 00:00:00,8.7,7.8724
2015-05-07 00:00:00,9,7.8675
2015-05-07 00:00:00,9.3,7.8666
2015-05-11 00:00:00,0.1,23.1013
2015-05-11 00:00:00,0.4,23.0338
2015-05-11 00:00:00,0.7,22.3743
2015-05-11 00:00:00,1,20.9587
2015-05-11 00:00:00,1.3,19.4881
2015-05-11 00:00:00,1.6,17.2228
2015-05-11 00:00:00,1.9,16.1238
2015-05-11 00:00:00,2.3,14.8476
2015-05-11 00:00:00,2.6,13.8636
2015-05-11 00:00:00,2.9,13.206
2015-05-11 00:00:00,3.2,12.6164
2015-05-11 00:00:00,3.5,11.7503
2015-05-11 00:00:00,3.8,10.92
2015-05-11 00:00:00,4.1,10.2922
2015-05-11 00:00:00,4.4,9.8656
2015-05-11 00:00:00,4.7,9.3464
2015-05-11 00:00:00,5,8.6395
2015-05-11 00:00:00,5.3,8.3332
2015-05-11 00:00:00,5.6,8.2766
2015-05-11 00:00:00,5.9,8.25
2015-05-11 00:00:00,6.2,8.2394
2015-05-11 00:00:00,6.5,8.2281
2015-05-11 00:00:00,6.8,8.2244
2015-05-11 00:00:00,7.1,8.2119
2015-05-11 00:00:00,7.4,8.199
2015-05-11 00:00:00,7.7,8.196
2015-05-11 00:00:00,8,8.1925
2015-05-11 00:00:00,8.3,8.1838
2015-05-11 00:00:00,8.7,8.1762
2015-05-11 00:00:00,9,8.1726
2015-05-11 00:00:00,9.3,8.17
2015-05-14 00:00:00,0.1,20.6317
2015-05-14 00:00:00,0.4,20.4556
2015-05-14 00:00:00,0.7,20.2456
2015-05-14 00:00:00,1,19.9821
2015-05-14 00:00:00,1.3,19.7288
2015-05-14 00:00:00,1.6,19.1686
2015-05-14 00:00:00,1.9,17.8104
2015-05-14 00:00:00,2.3,16.1492
2015-05-14 00:00:00,2.6,15.0131
2015-05-14 00:00:00,2.9,14.0006
2015-05-14 00:00:00,3.2,13.2535
2015-05-14 00:00:00,3.5,12.3893
2015-05-14 00:00:00,3.8,11.5731
2015-05-14 00:00:00,4.1,10.5534
2015-05-14 00:00:00,4.4,9.8597
2015-05-14 00:00:00,4.7,9.2953
2015-05-14 00:00:00,5,8.7815
2015-05-14 00:00:00,5.3,8.5226
2015-05-14 00:00:00,5.6,8.4764
2015-05-14 00:00:00,5.9,8.4465
2015-05-14 00:00:00,6.2,8.4316
2015-05-14 00:00:00,6.5,8.4179
2015-05-14 00:00:00,6.8,8.4085
2015-05-14 00:00:00,7.1,8.4041
2015-05-14 00:00:00,7.4,8.4027
2015-05-14 00:00:00,7.7,8.3978
2015-05-14 00:00:00,8,8.3912
2015-05-14 00:00:00,8.3,8.3883
2015-05-14 00:00:00,8.7,8.386
2015-05-14 00:00:00,9,8.3828
2015-05-14 00:00:00,9.3,8.3797
2015-05-18 00:00:00,0.1,23.4175
2015-05-18 00:00:00,0.4,23.4082
2015-05-18 00:00:00,0.7,23.3655
2015-05-18 00:00:00,1,23.1876
2015-05-18 00:00:00,1.3,21.7267
2015-05-18 00:00:00,1.6,20.4186
2015-05-18 00:00:00,1.9,19.1267
2015-05-18 00:00:00,2.3,16.787
2015-05-18 00:00:00,2.6,15.2828
2015-05-18 00:00:00,2.9,14.3861
2015-05-18 00:00:00,3.2,13.5346
2015-05-18 00:00:00,3.5,12.7491
2015-05-18 00:00:00,3.8,11.6916
2015-05-18 00:00:00,4.1,10.4642
2015-05-18 00:00:00,4.4,9.4053
2015-05-18 00:00:00,4.7,8.8592
2015-05-18 00:00:00,5,8.6815
2015-05-18 00:00:00,5.3,8.6635
2015-05-18 00:00:00,5.6,8.6495
2015-05-18 00:00:00,5.9,8.6415
2015-05-18 00:00:00,6.2,8.631
2015-05-18 00:00:00,6.5,8.6334
2015-05-18 00:00:00,6.8,8.6328
2015-05-18 00:00:00,7.1,8.6181
2015-05-18 00:00:00,7.4,8.6065
2015-05-18 00:00:00,7.7,8.5964
2015-05-18 00:00:00,8,8.5913
2015-05-18 00:00:00,8.3,8.5894
2015-05-18 00:00:00,8.7,8.5896
2015-05-18 00:00:00,9,8.5822
2015-05-18 00:00:00,9.3,8.5786
2015-05-21 00:00:00,0.1,21.5489
2015-05-21 00:00:00,0.4,21.5791
2015-05-21 00:00:00,0.7,21.5787
2015-05-21 00:00:00,1,21.575
2015-05-21 00:00:00,1.3,21.4914
2015-05-21 00:00:00,1.6,20.4725
2015-05-21 00:00:00,1.9,18.6879
2015-05-21 00:00:00,2.3,16.8607
2015-05-21 00:00:00,2.6,15.3204
2015-05-21 00:00:00,2.9,14.3575
2015-05-21 00:00:00,3.2,13.2624
2015-05-21 00:00:00,3.5,12.2731
2015-05-21 00:00:00,3.8,11.4428
2015-05-21 00:00:00,4.1,10.8235
2015-05-21 00:00:00,4.4,10.2143
2015-05-21 00:00:00,4.7,9.5162
2015-05-21 00:00:00,5,8.9309
2015-05-21 00:00:00,5.3,8.8347
2015-05-21 00:00:00,5.6,8.8253
2015-05-21 00:00:00,5.9,8.8156
2015-05-21 00:00:00,6.2,8.8084
2015-05-21 00:00:00,6.5,8.7912
2015-05-21 00:00:00,6.8,8.786
2015-05-21 00:00:00,7.1,8.7712
2015-05-21 00:00:00,7.4,8.7601
2015-05-21 00:00:00,7.7,8.7561
2015-05-21 00:00:00,8,8.7517
2015-05-21 00:00:00,8.3,8.7489
2015-05-21 00:00:00,8.7,8.7458
2015-05-21 00:00:00,9,8.7436
2015-05-21 00:00:00,9.3,8.7407
2015-05-25 00:00:00,0.1,20.5231
2015-05-25 00:00:00,0.4,20.3567
2015-05-25 00:00:00,0.7,20.1263
2015-05-25 00:00:00,1,20.1023
2015-05-25 00:00:00,1.3,20.0313
2015-05-25 00:00:00,1.6,19.3592
2015-05-25 00:00:00,1.9,18.6467
2015-05-25 00:00:00,2.3,17.3691
2015-05-25 00:00:00,2.6,16.5082
2015-05-25 00:00:00,2.9,15.7121
2015-05-25 00:00:00,3.2,14.8268
2015-05-25 00:00:00,3.5,13.8396
2015-05-25 00:00:00,3.8,12.6925
2015-05-25 00:00:00,4.1,11.6212
2015-05-25 00:00:00,4.4,10.5615
2015-05-25 00:00:00,4.7,9.5659
2015-05-25 00:00:00,5,9.0654
2015-05-25 00:00:00,5.3,9.0241
2015-05-25 00:00:00,5.6,8.9984
2015-05-25 00:00:00,5.9,8.9733
2015-05-25 00:00:00,6.2,8.966
2015-05-25 00:00:00,6.5,8.9612
2015-05-25 00:00:00,6.8,8.9583
2015-05-25 00:00:00,7.1,8.9546
2015-05-25 00:00:00,7.4,8.9554
2015-05-25 00:00:00,7.7,8.9512
2015-05-25 00:00:00,8,8.9465
2015-05-25 00:00:00,8.3,8.9428
2015-05-25 00:00:00,8.7,8.9394
2015-05-25 00:00:00,9,8.9369
2015-05-25 00:00:00,9.3,8.9322
2015-05-28 00:00:00,0.1,25.3744
2015-05-28 00:00:00,0.4,25.2177
2015-05-28 00:00:00,0.7,24.5033
2015-05-28 00:00:00,1,23.88
2015-05-28 00:00:00,1.3,23.1318
2015-05-28 00:00:00,1.6,21.57
2015-05-28 00:00:00,1.9,19.5969
2015-05-28 00:00:00,2.3,18.2719
2015-05-28 00:00:00,2.6,17.4863
2015-05-28 00:00:00,2.9,16.241
2015-05-28 00:00:00,3.2,15.039
2015-05-28 00:00:00,3.5,13.9229
2015-05-28 00:00:00,3.8,12.7469
2015-05-28 00:00:00,4.1,11.3343
2015-05-28 00:00:00,4.4,10.2612
2015-05-28 00:00:00,4.7,9.4486
2015-05-28 00:00:00,5,9.2406
2015-05-28 00:00:00,5.3,9.203
2015-05-28 00:00:00,5.6,9.1992
2015-05-28 00:00:00,5.9,9.1865
2015-05-28 00:00:00,6.2,9.1822
2015-05-28 00:00:00,6.5,9.1694
2015-05-28 00:00:00,6.8,9.1577
2015-05-28 00:00:00,7.1,9.1534
2015-05-28 00:00:00,7.4,9.1442
2015-05-28 00:00:00,7.7,9.1395
2015-05-28 00:00:00,8,9.1261
2015-05-28 00:00:00,8.3,9.115
2015-05-28 00:00:00,8.7,9.1112
2015-05-28 00:00:00,9,9.1083
2015-05-28 00:00:00,9.3,9.1069
2015-06-01 00:00:00,0.1,25.056
2015-06-01 00:00:00,0.4,24.9922
2015-06-01 00:00:00,0.7,24.7833
2015-06-01 00:00:00,1,24.3818
2015-06-01 00:00:00,1.3,23.1786
2015-06-01 00:00:00,1.6,22.3872
2015-06-01 00:00:00,1.9,20.9285
2015-06-01 00:00:00,2.3,19.4474
2015-06-01 00:00:00,2.6,18.0109
2015-06-01 00:00:00,2.9,16.5905
2015-06-01 00:00:00,3.2,15.3921
2015-06-01 00:00:00,3.5,13.8025
2015-06-01 00:00:00,3.8,12.4777
2015-06-01 00:00:00,4.1,11.4503
2015-06-01 00:00:00,4.4,10.5212
2015-06-01 00:00:00,4.7,9.7388
2015-06-01 00:00:00,5,9.3278
2015-06-01 00:00:00,5.3,9.2909
2015-06-01 00:00:00,5.6,9.2724
2015-06-01 00:00:00,5.9,9.2455
2015-06-01 00:00:00,6.2,9.2366
2015-06-01 00:00:00,6.5,9.2538
2015-06-01 00:00:00,6.8,9.2483
2015-06-01 00:00:00,7.1,9.2362
2015-06-01 00:00:00,7.4,9.2216
2015-06-01 00:00:00,7.7,9.213
2015-06-01 00:00:00,8,9.2088
2015-06-01 00:00:00,8.3,9.2025
2015-06-01 00:00:00,8.7,9.1976
2015-06-01 00:00:00,9,9.1951
2015-06-01 00:00:00,9.3,9.1953
2015-06-02 00:00:00,0.1,24.5127
2015-06-02 00:00:00,0.4,24.4738
2015-06-02 00:00:00,0.7,24.3791
2015-06-02 00:00:00,1,24.1806
2015-06-02 00:00:00,1.3,23.0277
2015-06-02 00:00:00,1.6,22.0119
2015-06-02 00:00:00,1.9,21.0022
2015-06-02 00:00:00,2.3,19.5438
2015-06-02 00:00:00,2.6,18.3564
2015-06-02 00:00:00,2.9,17.3541
2015-06-02 00:00:00,3.2,16.275
2015-06-02 00:00:00,3.5,15.2769
2015-06-02 00:00:00,3.8,14.3046
2015-06-02 00:00:00,4.1,13.651
2015-06-02 00:00:00,4.4,13.0154
2015-06-02 00:00:00,4.7,12.3663
2015-06-02 00:00:00,5,11.6173
2015-06-02 00:00:00,5.3,10.3279
2015-06-02 00:00:00,5.6,9.5135
2015-06-02 00:00:00,5.9,9.2782
2015-06-02 00:00:00,6.2,9.2263
2015-06-02 00:00:00,6.5,9.2111
2015-06-02 00:00:00,6.8,9.1959
2015-06-02 00:00:00,7.1,9.1829
2015-06-02 00:00:00,7.4,9.1703
2015-06-02 00:00:00,7.7,9.1564
2015-06-02 00:00:00,8,9.1415
2015-06-02 00:00:00,8.3,9.1259
2015-06-02 00:00:00,8.7,9.0886
2015-06-02 00:00:00,9,9.0771
2015-06-02 00:00:00,9.3,9.0759
2015-06-03 00:00:00,0.1,21.8879
2015-06-03 00:00:00,0.4,21.7383
2015-06-03 00:00:00,0.7,21.5297
2015-06-03 00:00:00,1,21.3479
2015-06-03 00:00:00,1.3,21.2261
2015-06-03 00:00:00,1.6,21.0146
2015-06-03 00:00:00,1.9,20.6321
2015-06-03 00:00:00,2.3,20.0186
2015-06-03 00:00:00,2.6,19.227
2015-06-03 00:00:00,2.9,18.6207
2015-06-03 00:00:00,3.2,17.8089
2015-06-03 00:00:00,3.5,16.9516
2015-06-03 00:00:00,3.8,16.3937
2015-06-03 00:00:00,4.1,15.6746
2015-06-03 00:00:00,4.4,14.9887
2015-06-03 00:00:00,4.7,14.1629
2015-06-03 00:00:00,5,13.2727
2015-06-03 00:00:00,5.3,12.5554
2015-06-03 00:00:00,5.6,11.6058
2015-06-03 00:00:00,5.9,9.819
2015-06-03 00:00:00,6.2,9.3958
2015-06-03 00:00:00,6.5,9.2854
2015-06-03 00:00:00,6.8,9.217
2015-06-03 00:00:00,7.1,9.2167
2015-06-03 00:00:00,7.4,9.1836
2015-06-03 00:00:00,7.7,9.1683
2015-06-03 00:00:00,8,9.1477
2015-06-03 00:00:00,8.3,9.1327
2015-06-03 00:00:00,8.7,9.0989
2015-06-03 00:00:00,9,9.0498
2015-06-03 00:00:00,9.3,9.0074
2015-06-04 00:00:00,0.1,21.1473
2015-06-04 00:00:00,0.4,21.1527
2015-06-04 00:00:00,0.7,21.1522
2015-06-04 00:00:00,1,21.1373
2015-06-04 00:00:00,1.3,21.1208
2015-06-04 00:00:00,1.6,21.1107
2015-06-04 00:00:00,1.9,20.6349
2015-06-04 00:00:00,2.3,19.5671
2015-06-04 00:00:00,2.6,18.848
2015-06-04 00:00:00,2.9,18.0487
2015-06-04 00:00:00,3.2,17.3353
2015-06-04 00:00:00,3.5,16.8055
2015-06-04 00:00:00,3.8,16.0418
2015-06-04 00:00:00,4.1,15.272
2015-06-04 00:00:00,4.4,14.6415
2015-06-04 00:00:00,4.7,13.8119
2015-06-04 00:00:00,5,13.2198
2015-06-04 00:00:00,5.3,12.5285
2015-06-04 00:00:00,5.6,11.233
2015-06-04 00:00:00,5.9,10.0066
2015-06-04 00:00:00,6.2,9.4763
2015-06-04 00:00:00,6.5,9.3223
2015-06-04 00:00:00,6.8,9.2665
2015-06-04 00:00:00,7.1,9.2283
2015-06-04 00:00:00,7.4,9.2135
2015-06-04 00:00:00,7.7,9.1946
2015-06-04 00:00:00,8,9.1791
2015-06-04 00:00:00,8.3,9.1489
2015-06-04 00:00:00,8.7,9.088
2015-06-04 00:00:00,9,9.0381
2015-06-04 00:00:00,9.3,9.045
2015-06-08 00:00:00,0.1,22.9088
2015-06-08 00:00:00,0.4,22.8284
2015-06-08 00:00:00,0.7,22.744
2015-06-08 00:00:00,1,22.2775
2015-06-08 00:00:00,1.3,21.8325
2015-06-08 00:00:00,1.6,21.4158
2015-06-08 00:00:00,1.9,20.8716
2015-06-08 00:00:00,2.3,19.9748
2015-06-08 00:00:00,2.6,19.0279
2015-06-08 00:00:00,2.9,18.1654
2015-06-08 00:00:00,3.2,17.2945
2015-06-08 00:00:00,3.5,16.649
2015-06-08 00:00:00,3.8,15.4382
2015-06-08 00:00:00,4.1,14.4846
2015-06-08 00:00:00,4.4,14.0413
2015-06-08 00:00:00,4.7,13.631
2015-06-08 00:00:00,5,13.2461
2015-06-08 00:00:00,5.3,12.5085
2015-06-08 00:00:00,5.6,11.5047
2015-06-08 00:00:00,5.9,10.544
2015-06-08 00:00:00,6.2,9.8551
2015-06-08 00:00:00,6.5,9.4893
2015-06-08 00:00:00,6.8,9.305
2015-06-08 00:00:00,7.1,9.2118
2015-06-08 00:00:00,7.4,9.1714
2015-06-08 00:00:00,7.7,9.1703
2015-06-08 00:00:00,8,9.1454
2015-06-08 00:00:00,8.3,9.1212
2015-06-08 00:00:00,8.7,9.0177
2015-06-08 00:00:00,9,8.9787
2015-06-08 00:00:00,9.3,9.0161
2015-06-11 00:00:00,0.1,24.9541
2015-06-11 00:00:00,0.4,24.1912
2015-06-11 00:00:00,0.7,23.9433
2015-06-11 00:00:00,1,23.6393
2015-06-11 00:00:00,1.3,22.8101
2015-06-11 00:00:00,1.6,21.9355
2015-06-11 00:00:00,1.9,20.9807
2015-06-11 00:00:00,2.3,19.8647
2015-06-11 00:00:00,2.6,19.3495
2015-06-11 00:00:00,2.9,18.5401
2015-06-11 00:00:00,3.2,17.7842
2015-06-11 00:00:00,3.5,16.7731
2015-06-11 00:00:00,3.8,15.8927
2015-06-11 00:00:00,4.1,14.8787
2015-06-11 00:00:00,4.4,14.2777
2015-06-11 00:00:00,4.7,13.707
2015-06-11 00:00:00,5,13.0911
2015-06-11 00:00:00,5.3,12.1169
2015-06-11 00:00:00,5.6,10.7078
2015-06-11 00:00:00,5.9,9.823
2015-06-11 00:00:00,6.2,9.6967
2015-06-11 00:00:00,6.5,9.6684
2015-06-11 00:00:00,6.8,9.641
2015-06-11 00:00:00,7.1,9.6313
2015-06-11 00:00:00,7.4,9.6187
2015-06-11 00:00:00,7.7,9.6089
2015-06-11 00:00:00,8,9.6053
2015-06-11 00:00:00,8.3,9.5993
2015-06-11 00:00:00,8.7,9.5931
2015-06-11 00:00:00,9,9.5825
2015-06-11 00:00:00,9.3,9.5778
2015-06-15 00:00:00,0.1,27.3247
2015-06-15 00:00:00,0.4,26.8453
2015-06-15 00:00:00,0.7,25.9596
2015-06-15 00:00:00,1,25.4119
2015-06-15 00:00:00,1.3,24.9509
2015-06-15 00:00:00,1.6,24.2627
2015-06-15 00:00:00,1.9,23.0632
2015-06-15 00:00:00,2.3,21.2042
2015-06-15 00:00:00,2.6,19.701
2015-06-15 00:00:00,2.9,18.6558
2015-06-15 00:00:00,3.2,17.8828
2015-06-15 00:00:00,3.5,16.9953
2015-06-15 00:00:00,3.8,16.1172
2015-06-15 00:00:00,4.1,15.0002
2015-06-15 00:00:00,4.4,14.1217
2015-06-15 00:00:00,4.7,13.2867
2015-06-15 00:00:00,5,12.4423
2015-06-15 00:00:00,5.3,11.7375
2015-06-15 00:00:00,5.6,10.9028
2015-06-15 00:00:00,5.9,10.1557
2015-06-15 00:00:00,6.2,10.0316
2015-06-15 00:00:00,6.5,10.0183
2015-06-15 00:00:00,6.8,9.998
2015-06-15 00:00:00,7.1,9.9678
2015-06-15 00:00:00,7.4,9.9591
2015-06-15 00:00:00,7.7,9.9555
2015-06-15 00:00:00,8,9.9479
2015-06-15 00:00:00,8.3,9.9422
2015-06-15 00:00:00,8.7,9.9369
2015-06-15 00:00:00,9,9.9339
2015-06-15 00:00:00,9.3,9.9279
2015-06-22 00:00:00,0.1,26.9725
2015-06-22 00:00:00,0.4,26.8763
2015-06-22 00:00:00,0.7,26.6525
2015-06-22 00:00:00,1,26.0629
2015-06-22 00:00:00,1.3,25.296
2015-06-22 00:00:00,1.6,24.6958
2015-06-22 00:00:00,1.9,22.9619
2015-06-22 00:00:00,2.3,21.1471
2015-06-22 00:00:00,2.6,19.599
2015-06-22 00:00:00,2.9,18.3501
2015-06-22 00:00:00,3.2,17.5765
2015-06-22 00:00:00,3.5,16.2507
2015-06-22 00:00:00,3.8,15.4483
2015-06-22 00:00:00,4.1,14.3045
2015-06-22 00:00:00,4.4,13.4345
2015-06-22 00:00:00,4.7,12.4541
2015-06-22 00:00:00,5,11.4745
2015-06-22 00:00:00,5.3,10.7658
2015-06-22 00:00:00,5.6,10.4305
2015-06-22 00:00:00,5.9,10.4085
2015-06-22 00:00:00,6.2,10.3693
2015-06-22 00:00:00,6.5,10.377
2015-06-22 00:00:00,6.8,10.3542
2015-06-22 00:00:00,7.1,10.3499
2015-06-22 00:00:00,7.4,10.3469
2015-06-22 00:00:00,7.7,10.3389
2015-06-22 00:00:00,8,10.3357
2015-06-22 00:00:00,8.3,10.3419
2015-06-22 00:00:00,8.7,10.3295
2015-06-22 00:00:00,9,10.3303
2015-06-22 00:00:00,9.3,10.2999
2015-06-23 00:00:00,0.1,27.1195
2015-06-23 00:00:00,0.4,26.8038
2015-06-23 00:00:00,0.7,26.3271
2015-06-23 00:00:00,1,26.0573
2015-06-23 00:00:00,1.3,25.609
2015-06-23 00:00:00,1.6,24.6569
2015-06-23 00:00:00,1.9,23.4508
2015-06-23 00:00:00,2.3,22.3544
2015-06-23 00:00:00,2.6,21.5281
2015-06-23 00:00:00,2.9,20.853
2015-06-23 00:00:00,3.2,19.8482
2015-06-23 00:00:00,3.5,18.9873
2015-06-23 00:00:00,3.8,18.4787
2015-06-23 00:00:00,4.1,17.9436
2015-06-23 00:00:00,4.4,17.3129
2015-06-23 00:00:00,4.7,16.8974
2015-06-23 00:00:00,5,16.3343
2015-06-23 00:00:00,5.3,15.7734
2015-06-23 00:00:00,5.6,14.687
2015-06-23 00:00:00,5.9,11.9049
2015-06-23 00:00:00,6.2,10.5623
2015-06-23 00:00:00,6.5,10.4937
2015-06-23 00:00:00,6.8,10.4699
2015-06-23 00:00:00,7.1,10.4508
2015-06-23 00:00:00,7.4,10.4445
2015-06-23 00:00:00,7.7,10.4412
2015-06-23 00:00:00,8,10.4399
2015-06-23 00:00:00,8.3,10.4325
2015-06-23 00:00:00,8.7,10.428
2015-06-23 00:00:00,9,10.4249
2015-06-23 00:00:00,9.3,10.4192
2015-06-25 00:00:00,0.1,26.222
2015-06-25 00:00:00,0.4,26.1236
2015-06-25 00:00:00,0.7,25.7169
2015-06-25 00:00:00,1,25.3836
2015-06-25 00:00:00,1.3,25.0297
2015-06-25 00:00:00,1.6,24.7262
2015-06-25 00:00:00,1.9,24.3598
2015-06-25 00:00:00,2.3,23.7383
2015-06-25 00:00:00,2.6,23.0051
2015-06-25 00:00:00,2.9,22.4151
2015-06-25 00:00:00,3.2,21.7106
2015-06-25 00:00:00,3.5,21.2193
2015-06-25 00:00:00,3.8,20.775
2015-06-25 00:00:00,4.1,20.3047
2015-06-25 00:00:00,4.4,19.7156
2015-06-25 00:00:00,4.7,19.2283
2015-06-25 00:00:00,5,18.6562
2015-06-25 00:00:00,5.3,17.8126
2015-06-25 00:00:00,5.6,16.8415
2015-06-25 00:00:00,5.9,15.3976
2015-06-25 00:00:00,6.2,11.6843
2015-06-25 00:00:00,6.5,11.166
2015-06-25 00:00:00,6.8,11.0624
2015-06-25 00:00:00,7.1,11.0017
2015-06-25 00:00:00,7.4,10.9891
2015-06-25 00:00:00,7.7,10.9773
2015-06-25 00:00:00,8,10.9577
2015-06-25 00:00:00,8.3,10.9291
2015-06-25 00:00:00,8.7,10.8974
2015-06-25 00:00:00,9,10.8777
2015-06-25 00:00:00,9.3,10.8661
2015-06-29 00:00:00,0.1,24.3668
2015-06-29 00:00:00,0.4,24.3364
2015-06-29 00:00:00,0.7,24.3017
2015-06-29 00:00:00,1,24.2835
2015-06-29 00:00:00,1.3,24.2615
2015-06-29 00:00:00,1.6,24.2175
2015-06-29 00:00:00,1.9,24.0028
2015-06-29 00:00:00,2.3,23.1769
2015-06-29 00:00:00,2.6,22.6418
2015-06-29 00:00:00,2.9,22.2271
2015-06-29 00:00:00,3.2,21.6811
2015-06-29 00:00:00,3.5,21.054
2015-06-29 00:00:00,3.8,20.6058
2015-06-29 00:00:00,4.1,19.9224
2015-06-29 00:00:00,4.4,19.312
2015-06-29 00:00:00,4.7,18.6833
2015-06-29 00:00:00,5,18.1201
2015-06-29 00:00:00,5.3,17.264
2015-06-29 00:00:00,5.6,15.4165
2015-06-29 00:00:00,5.9,12.5889
2015-06-29 00:00:00,6.2,11.667
2015-06-29 00:00:00,6.5,11.6246
2015-06-29 00:00:00,6.8,11.6108
2015-06-29 00:00:00,7.1,11.5909
2015-06-29 00:00:00,7.4,11.5725
2015-06-29 00:00:00,7.7,11.5598
2015-06-29 00:00:00,8,11.5523
2015-06-29 00:00:00,8.3,11.5489
2015-06-29 00:00:00,8.7,11.5359
2015-06-29 00:00:00,9,11.5321
2015-06-29 00:00:00,9.3,11.5281
2015-07-02 00:00:00,0.1,25.2793
2015-07-02 00:00:00,0.4,25.2492
2015-07-02 00:00:00,0.7,25.0362
2015-07-02 00:00:00,1,24.5847
2015-07-02 00:00:00,1.3,24.4101
2015-07-02 00:00:00,1.6,24.2289
2015-07-02 00:00:00,1.9,23.9229
2015-07-02 00:00:00,2.3,23.4759
2015-07-02 00:00:00,2.6,22.9418
2015-07-02 00:00:00,2.9,22.3004
2015-07-02 00:00:00,3.2,21.7103
2015-07-02 00:00:00,3.5,21.0751
2015-07-02 00:00:00,3.8,20.3521
2015-07-02 00:00:00,4.1,19.6072
2015-07-02 00:00:00,4.4,18.8794
2015-07-02 00:00:00,4.7,18.2563
2015-07-02 00:00:00,5,17.5585
2015-07-02 00:00:00,5.3,16.5395
2015-07-02 00:00:00,5.6,14.6868
2015-07-02 00:00:00,5.9,12.3769
2015-07-02 00:00:00,6.2,12.1427
2015-07-02 00:00:00,6.5,12.0935
2015-07-02 00:00:00,6.8,12.0476
2015-07-02 00:00:00,7.1,12.0158
2015-07-02 00:00:00,7.4,11.9701
2015-07-02 00:00:00,7.7,11.9643
2015-07-02 00:00:00,8,11.9528
2015-07-02 00:00:00,8.3,11.9469
2015-07-02 00:00:00,8.7,11.9386
2015-07-02 00:00:00,9,11.9327
2015-07-02 00:00:00,9.3,11.9275
2015-07-06 00:00:00,0.1,24.1158
2015-07-06 00:00:00,0.4,24.1126
2015-07-06 00:00:00,0.7,24.0733
2015-07-06 00:00:00,1,23.8251
2015-07-06 00:00:00,1.3,23.7272
2015-07-06 00:00:00,1.6,23.5777
2015-07-06 00:00:00,1.9,23.5067
2015-07-06 00:00:00,2.3,23.0801
2015-07-06 00:00:00,2.6,22.7329
2015-07-06 00:00:00,2.9,22.2424
2015-07-06 00:00:00,3.2,21.7225
2015-07-06 00:00:00,3.5,20.8243
2015-07-06 00:00:00,3.8,20.0398
2015-07-06 00:00:00,4.1,19.5033
2015-07-06 00:00:00,4.4,19.0004
2015-07-06 00:00:00,4.7,18.4223
2015-07-06 00:00:00,5,17.5076
2015-07-06 00:00:00,5.3,16.2511
2015-07-06 00:00:00,5.6,13.7259
2015-07-06 00:00:00,5.9,12.4822
2015-07-06 00:00:00,6.2,12.366
2015-07-06 00:00:00,6.5,12.3495
2015-07-06 00:00:00,6.8,12.3366
2015-07-06 00:00:00,7.1,12.3104
2015-07-06 00:00:00,7.4,12.3004
2015-07-06 00:00:00,7.7,12.2954
2015-07-06 00:00:00,8,12.2903
2015-07-06 00:00:00,8.3,12.2877
2015-07-06 00:00:00,8.7,12.2821
2015-07-06 00:00:00,9,12.2791
2015-07-06 00:00:00,9.3,12.2713
2015-07-09 00:00:00,0.1,25.6133
2015-07-09 00:00:00,0.4,25.1529
2015-07-09 00:00:00,0.7,24.8231
2015-07-09 00:00:00,1,24.4852
2015-07-09 00:00:00,1.3,24.0639
2015-07-09 00:00:00,1.6,23.5478
2015-07-09 00:00:00,1.9,23.2439
2015-07-09 00:00:00,2.3,22.9779
2015-07-09 00:00:00,2.6,22.7764
2015-07-09 00:00:00,2.9,22.3967
2015-07-09 00:00:00,3.2,21.9361
2015-07-09 00:00:00,3.5,21.2616
2015-07-09 00:00:00,3.8,20.5171
2015-07-09 00:00:00,4.1,19.5304
2015-07-09 00:00:00,4.4,18.5665
2015-07-09 00:00:00,4.7,17.7558
2015-07-09 00:00:00,5,16.8599
2015-07-09 00:00:00,5.3,15.8934
2015-07-09 00:00:00,5.6,13.6032
2015-07-09 00:00:00,5.9,12.6355
2015-07-09 00:00:00,6.2,12.5835
2015-07-09 00:00:00,6.5,12.5751
2015-07-09 00:00:00,6.8,12.5641
2015-07-09 00:00:00,7.1,12.559
2015-07-09 00:00:00,7.4,12.5516
2015-07-09 00:00:00,7.7,12.545
2015-07-09 00:00:00,8,12.5292
2015-07-09 00:00:00,8.3,12.5271
2015-07-09 00:00:00,8.7,12.5197
2015-07-09 00:00:00,9,12.5151
2015-07-09 00:00:00,9.3,12.5106
2015-07-16 00:00:00,0.1,25.4669
2015-07-16 00:00:00,0.4,25.4722
2015-07-16 00:00:00,0.7,25.2266
2015-07-16 00:00:00,1,24.9887
2015-07-16 00:00:00,1.3,24.5838
2015-07-16 00:00:00,1.6,24.0343
2015-07-16 00:00:00,1.9,23.5961
2015-07-16 00:00:00,2.3,23.1022
2015-07-16 00:00:00,2.6,22.6711
2015-07-16 00:00:00,2.9,22.1879
2015-07-16 00:00:00,3.2,21.5711
2015-07-16 00:00:00,3.5,20.9063
2015-07-16 00:00:00,3.8,20.0362
2015-07-16 00:00:00,4.1,19.2679
2015-07-16 00:00:00,4.4,18.5216
2015-07-16 00:00:00,4.7,17.6728
2015-07-16 00:00:00,5,16.4155
2015-07-16 00:00:00,5.3,15.6804
2015-07-16 00:00:00,5.6,13.5332
2015-07-16 00:00:00,5.9,13.1318
2015-07-16 00:00:00,6.2,13.055
2015-07-16 00:00:00,6.5,13.0393
2015-07-16 00:00:00,6.8,13.024
2015-07-16 00:00:00,7.1,13.0166
2015-07-16 00:00:00,7.4,13.0118
2015-07-16 00:00:00,7.7,13.0035
2015-07-16 00:00:00,8,12.9996
2015-07-16 00:00:00,8.3,12.9957
2015-07-16 00:00:00,8.7,12.9858
2015-07-16 00:00:00,9,12.9753
2015-07-16 00:00:00,9.3,12.962
2015-07-20 00:00:00,0.1,27.7194
2015-07-20 00:00:00,0.4,27.4844
2015-07-20 00:00:00,0.7,26.6683
2015-07-20 00:00:00,1,26.2839
2015-07-20 00:00:00,1.3,26.0057
2015-07-20 00:00:00,1.6,25.4041
2015-07-20 00:00:00,1.9,24.9505
2015-07-20 00:00:00,2.3,24.3673
2015-07-20 00:00:00,2.6,23.2935
2015-07-20 00:00:00,2.9,22.2562
2015-07-20 00:00:00,3.2,21.6395
2015-07-20 00:00:00,3.5,20.586
2015-07-20 00:00:00,3.8,19.5051
2015-07-20 00:00:00,4.1,18.7645
2015-07-20 00:00:00,4.4,17.6279
2015-07-20 00:00:00,4.7,16.2817
2015-07-20 00:00:00,5,15.0771
2015-07-20 00:00:00,5.3,14.1119
2015-07-20 00:00:00,5.6,13.4342
2015-07-20 00:00:00,5.9,13.2207
2015-07-20 00:00:00,6.2,13.2093
2015-07-20 00:00:00,6.5,13.2
2015-07-20 00:00:00,6.8,13.2032
2015-07-20 00:00:00,7.1,13.189
2015-07-20 00:00:00,7.4,13.1787
2015-07-20 00:00:00,7.7,13.1587
2015-07-20 00:00:00,8,13.1575
2015-07-20 00:00:00,8.3,13.1552
2015-07-20 00:00:00,8.7,13.1442
2015-07-20 00:00:00,9,13.128
2015-07-20 00:00:00,9.3,13.1113
2015-07-23 00:00:00,0.1,27.0132
2015-07-23 00:00:00,0.4,26.9382
2015-07-23 00:00:00,0.7,26.8566
2015-07-23 00:00:00,1,26.8366
2015-07-23 00:00:00,1.3,26.5949
2015-07-23 00:00:00,1.6,26.1329
2015-07-23 00:00:00,1.9,25.7775
2015-07-23 00:00:00,2.3,25.2862
2015-07-23 00:00:00,2.6,24.5219
2015-07-23 00:00:00,2.9,23.0273
2015-07-23 00:00:00,3.2,21.8722
2015-07-23 00:00:00,3.5,20.7864
2015-07-23 00:00:00,3.8,19.6445
2015-07-23 00:00:00,4.1,18.5195
2015-07-23 00:00:00,4.4,17.353
2015-07-23 00:00:00,4.7,16.1702
2015-07-23 00:00:00,5,15.2464
2015-07-23 00:00:00,5.3,14.6212
2015-07-23 00:00:00,5.6,13.6836
2015-07-23 00:00:00,5.9,13.4431
2015-07-23 00:00:00,6.2,13.3815
2015-07-23 00:00:00,6.5,13.3715
2015-07-23 00:00:00,6.8,13.3586
2015-07-23 00:00:00,7.1,13.3371
2015-07-23 00:00:00,7.4,13.3296
2015-07-23 00:00:00,7.7,13.3139
2015-07-23 00:00:00,8,13.3132
2015-07-23 00:00:00,8.3,13.3053
2015-07-23 00:00:00,8.7,13.2967
2015-07-23 00:00:00,9,13.2924
2015-07-23 00:00:00,9.3,13.278
2015-07-27 00:00:00,0.1,27.3519
2015-07-27 00:00:00,0.4,27.3516
2015-07-27 00:00:00,0.7,27.3229
2015-07-27 00:00:00,1,27.2509
2015-07-27 00:00:00,1.3,27.2237
2015-07-27 00:00:00,1.6,27.0664
2015-07-27 00:00:00,1.9,26.4692
2015-07-27 00:00:00,2.3,25.6329
2015-07-27 00:00:00,2.6,24.8824
2015-07-27 00:00:00,2.9,24.1478
2015-07-27 00:00:00,3.2,23.055
2015-07-27 00:00:00,3.5,21.932
2015-07-27 00:00:00,3.8,20.6153
2015-07-27 00:00:00,4.1,18.856
2015-07-27 00:00:00,4.4,17.5993
2015-07-27 00:00:00,4.7,16.7051
2015-07-27 00:00:00,5,15.841
2015-07-27 00:00:00,5.3,14.2462
2015-07-27 00:00:00,5.6,13.6802
2015-07-27 00:00:00,5.9,13.5898
2015-07-27 00:00:00,6.2,13.5656
2015-07-27 00:00:00,6.5,13.5441
2015-07-27 00:00:00,6.8,13.5327
2015-07-27 00:00:00,7.1,13.5238
2015-07-27 00:00:00,7.4,13.5173
2015-07-27 00:00:00,7.7,13.5131
2015-07-27 00:00:00,8,13.5058
2015-07-27 00:00:00,8.3,13.5024
2015-07-27 00:00:00,8.7,13.4954
2015-07-27 00:00:00,9,13.4908
2015-07-27 00:00:00,9.3,13.4706
2015-08-03 00:00:00,0.1,26.2382
2015-08-03 00:00:00,0.4,26.162
2015-08-03 00:00:00,0.7,26.1372
2015-08-03 00:00:00,1,26.0282
2015-08-03 00:00:00,1.3,25.9958
2015-08-03 00:00:00,1.6,25.9886
2015-08-03 00:00:00,1.9,25.9501
2015-08-03 00:00:00,2.3,25.6706
2015-08-03 00:00:00,2.6,24.8523
2015-08-03 00:00:00,2.9,24.4398
2015-08-03 00:00:00,3.2,23.0821
2015-08-03 00:00:00,3.5,22.0919
2015-08-03 00:00:00,3.8,20.683
2015-08-03 00:00:00,4.1,19.2918
2015-08-03 00:00:00,4.4,18.0458
2015-08-03 00:00:00,4.7,16.3768
2015-08-03 00:00:00,5,15.2809
2015-08-03 00:00:00,5.3,14.3795
2015-08-03 00:00:00,5.6,13.7881
2015-08-03 00:00:00,5.9,13.6662
2015-08-03 00:00:00,6.2,13.6344
2015-08-03 00:00:00,6.5,13.6351
2015-08-03 00:00:00,6.8,13.6256
2015-08-03 00:00:00,7.1,13.6229
2015-08-03 00:00:00,7.4,13.6208
2015-08-03 00:00:00,7.7,13.6178
2015-08-03 00:00:00,8,13.6117
2015-08-03 00:00:00,8.3,13.6086
2015-08-03 00:00:00,8.7,13.609
2015-08-03 00:00:00,9,13.5903
2015-08-03 00:00:00,9.3,13.5846
2015-08-08 00:00:00,0.1,25.5987
2015-08-08 00:00:00,0.4,25.6048
2015-08-08 00:00:00,0.7,25.6083
2015-08-08 00:00:00,1,25.6128
2015-08-08 00:00:00,1.3,25.6124
2015-08-08 00:00:00,1.6,25.6113
2015-08-08 00:00:00,1.9,25.6133
2015-08-08 00:00:00,2.3,25.551
2015-08-08 00:00:00,2.6,24.913
2015-08-08 00:00:00,2.9,24.1669
2015-08-08 00:00:00,3.2,23.2631
2015-08-08 00:00:00,3.5,22.3391
2015-08-08 00:00:00,3.8,20.7886
2015-08-08 00:00:00,4.1,19.514
2015-08-08 00:00:00,4.4,18.044
2015-08-08 00:00:00,4.7,16.6461
2015-08-08 00:00:00,5,15.6234
2015-08-08 00:00:00,5.3,14.5157
2015-08-08 00:00:00,5.6,13.7648
2015-08-08 00:00:00,5.9,13.6969
2015-08-08 00:00:00,6.2,13.6847
2015-08-08 00:00:00,6.5,13.6764
2015-08-08 00:00:00,6.8,13.6704
2015-08-08 00:00:00,7.1,13.6634
2015-08-08 00:00:00,7.4,13.6491
2015-08-08 00:00:00,7.7,13.6393
2015-08-08 00:00:00,8,13.6351
2015-08-08 00:00:00,8.3,13.6314
2015-08-08 00:00:00,8.7,13.6246
2015-08-08 00:00:00,9,13.6616
2015-08-08 00:00:00,9.3,13.6811
2015-08-10 00:00:00,0.1,25.9908
2015-08-10 00:00:00,0.4,25.9908
2015-08-10 00:00:00,0.7,25.9268
2015-08-10 00:00:00,1,25.7955
2015-08-10 00:00:00,1.3,25.6447
2015-08-10 00:00:00,1.6,25.5089
2015-08-10 00:00:00,1.9,25.3497
2015-08-10 00:00:00,2.3,25.1011
2015-08-10 00:00:00,2.6,24.8043
2015-08-10 00:00:00,2.9,24.312
2015-08-10 00:00:00,3.2,23.6588
2015-08-10 00:00:00,3.5,22.8432
2015-08-10 00:00:00,3.8,21.5332
2015-08-10 00:00:00,4.1,19.2727
2015-08-10 00:00:00,4.4,18.3792
2015-08-10 00:00:00,4.7,17.1477
2015-08-10 00:00:00,5,15.6637
2015-08-10 00:00:00,5.3,14.474
2015-08-10 00:00:00,5.6,13.7364
2015-08-10 00:00:00,5.9,13.7133
2015-08-10 00:00:00,6.2,13.7054
2015-08-10 00:00:00,6.5,13.6993
2015-08-10 00:00:00,6.8,13.6904
2015-08-10 00:00:00,7.1,13.6839
2015-08-10 00:00:00,7.4,13.6768
2015-08-10 00:00:00,7.7,13.6632
2015-08-10 00:00:00,8,13.6603
2015-08-10 00:00:00,8.3,13.6585
2015-08-10 00:00:00,8.7,13.6491
2015-08-10 00:00:00,9,13.6452
2015-08-10 00:00:00,9.3,13.6452
2015-08-13 00:00:00,0.1,25.894
2015-08-13 00:00:00,0.4,25.8038
2015-08-13 00:00:00,0.7,25.4739
2015-08-13 00:00:00,1,25.3135
2015-08-13 00:00:00,1.3,25.269
2015-08-13 00:00:00,1.6,25.234
2015-08-13 00:00:00,1.9,25.1379
2015-08-13 00:00:00,2.3,24.9032
2015-08-13 00:00:00,2.6,24.6239
2015-08-13 00:00:00,2.9,24.1851
2015-08-13 00:00:00,3.2,23.3857
2015-08-13 00:00:00,3.5,22.5231
2015-08-13 00:00:00,3.8,21.4705
2015-08-13 00:00:00,4.1,20.1984
2015-08-13 00:00:00,4.4,18.9686
2015-08-13 00:00:00,4.7,17.2059
2015-08-13 00:00:00,5,15.7315
2015-08-13 00:00:00,5.3,14.8367
2015-08-13 00:00:00,5.6,14.175
2015-08-13 00:00:00,5.9,13.7934
2015-08-13 00:00:00,6.2,13.7818
2015-08-13 00:00:00,6.5,13.7539
2015-08-13 00:00:00,6.8,13.7478
2015-08-13 00:00:00,7.1,13.7375
2015-08-13 00:00:00,7.4,13.7213
2015-08-13 00:00:00,7.7,13.7216
2015-08-13 00:00:00,8,13.7204
2015-08-13 00:00:00,8.3,13.711
2015-08-13 00:00:00,8.7,13.7064
2015-08-13 00:00:00,9,13.7041
2015-08-13 00:00:00,9.3,13.7
2015-08-17 00:00:00,0.1,26.1212
2015-08-17 00:00:00,0.4,25.9959
2015-08-17 00:00:00,0.7,25.9295
2015-08-17 00:00:00,1,25.7724
2015-08-17 00:00:00,1.3,25.5344
2015-08-17 00:00:00,1.6,25.3931
2015-08-17 00:00:00,1.9,25.1867
2015-08-17 00:00:00,2.3,24.801
2015-08-17 00:00:00,2.6,24.5627
2015-08-17 00:00:00,2.9,24.0838
2015-08-17 00:00:00,3.2,23.3341
2015-08-17 00:00:00,3.5,22.3827
2015-08-17 00:00:00,3.8,21.1383
2015-08-17 00:00:00,4.1,20.0572
2015-08-17 00:00:00,4.4,18.9354
2015-08-17 00:00:00,4.7,17.6373
2015-08-17 00:00:00,5,16.245
2015-08-17 00:00:00,5.3,14.9842
2015-08-17 00:00:00,5.6,13.9498
2015-08-17 00:00:00,5.9,13.8554
2015-08-17 00:00:00,6.2,13.8304
2015-08-17 00:00:00,6.5,13.8229
2015-08-17 00:00:00,6.8,13.818
2015-08-17 00:00:00,7.1,13.8014
2015-08-17 00:00:00,7.4,13.7946
2015-08-17 00:00:00,7.7,13.7875
2015-08-17 00:00:00,8,13.784
2015-08-17 00:00:00,8.3,13.7794
2015-08-17 00:00:00,8.7,13.7748
2015-08-17 00:00:00,9,13.7706
2015-08-17 00:00:00,9.3,13.7655
2015-08-20 00:00:00,0.1,25.8578
2015-08-20 00:00:00,0.4,26.0396
2015-08-20 00:00:00,0.7,26.144
2015-08-20 00:00:00,1,26.1393
2015-08-20 00:00:00,1.3,25.9617
2015-08-20 00:00:00,1.6,25.6005
2015-08-20 00:00:00,1.9,25.3274
2015-08-20 00:00:00,2.3,24.7819
2015-08-20 00:00:00,2.6,24.3512
2015-08-20 00:00:00,2.9,23.7307
2015-08-20 00:00:00,3.2,23.2253
2015-08-20 00:00:00,3.5,22.5869
2015-08-20 00:00:00,3.8,21.3309
2015-08-20 00:00:00,4.1,19.7443
2015-08-20 00:00:00,4.4,18.1637
2015-08-20 00:00:00,4.7,17.0637
2015-08-20 00:00:00,5,15.979
2015-08-20 00:00:00,5.3,14.9909
2015-08-20 00:00:00,5.6,14.1727
2015-08-20 00:00:00,5.9,13.9591
2015-08-20 00:00:00,6.2,13.9323
2015-08-20 00:00:00,6.5,13.9263
2015-08-20 00:00:00,6.8,13.9289
2015-08-20 00:00:00,7.1,13.9217
2015-08-20 00:00:00,7.4,13.9007
2015-08-20 00:00:00,7.7,13.8871
2015-08-20 00:00:00,8,13.8794
2015-08-20 00:00:00,8.3,13.872
2015-08-20 00:00:00,8.7,13.8689
2015-08-20 00:00:00,9,13.8642
2015-08-20 00:00:00,9.3,13.8597
2015-08-24 00:00:00,0.1,26.4025
2015-08-24 00:00:00,0.4,26.2445
2015-08-24 00:00:00,0.7,26.1343
2015-08-24 00:00:00,1,25.7797
2015-08-24 00:00:00,1.3,25.5163
2015-08-24 00:00:00,1.6,25.437
2015-08-24 00:00:00,1.9,25.3832
2015-08-24 00:00:00,2.3,25.1262
2015-08-24 00:00:00,2.6,24.4442
2015-08-24 00:00:00,2.9,23.74
2015-08-24 00:00:00,3.2,22.8769
2015-08-24 00:00:00,3.5,22.1268
2015-08-24 00:00:00,3.8,20.8375
2015-08-24 00:00:00,4.1,19.1012
2015-08-24 00:00:00,4.4,17.4286
2015-08-24 00:00:00,4.7,16.4726
2015-08-24 00:00:00,5,15.7773
2015-08-24 00:00:00,5.3,14.6856
2015-08-24 00:00:00,5.6,14.0855
2015-08-24 00:00:00,5.9,14.0231
2015-08-24 00:00:00,6.2,14.0139
2015-08-24 00:00:00,6.5,14.0054
2015-08-24 00:00:00,6.8,13.9911
2015-08-24 00:00:00,7.1,13.9863
2015-08-24 00:00:00,7.4,13.98
2015-08-24 00:00:00,7.7,13.9719
2015-08-24 00:00:00,8,13.9661
2015-08-24 00:00:00,8.3,13.9581
2015-08-24 00:00:00,8.7,13.9551
2015-08-24 00:00:00,9,13.9487
2015-08-24 00:00:00,9.3,13.9552
2015-08-31 00:00:00,0.1,24.477
2015-08-31 00:00:00,0.4,24.4092
2015-08-31 00:00:00,0.7,24.4333
2015-08-31 00:00:00,1,24.3263
2015-08-31 00:00:00,1.3,24.2632
2015-08-31 00:00:00,1.6,24.1363
2015-08-31 00:00:00,1.9,23.9347
2015-08-31 00:00:00,2.3,23.7369
2015-08-31 00:00:00,2.6,23.5302
2015-08-31 00:00:00,2.9,23.2535
2015-08-31 00:00:00,3.2,22.7015
2015-08-31 00:00:00,3.5,21.3698
2015-08-31 00:00:00,3.8,19.8721
2015-08-31 00:00:00,4.1,18.7208
2015-08-31 00:00:00,4.4,17.6105
2015-08-31 00:00:00,4.7,16.4881
2015-08-31 00:00:00,5,15.2243
2015-08-31 00:00:00,5.3,14.3023
2015-08-31 00:00:00,5.6,14.126
2015-08-31 00:00:00,5.9,14.0976
2015-08-31 00:00:00,6.2,14.0878
2015-08-31 00:00:00,6.5,14.08
2015-08-31 00:00:00,6.8,14.0664
2015-08-31 00:00:00,7.1,14.0528
2015-08-31 00:00:00,7.4,14.0508
2015-08-31 00:00:00,7.7,14.0466
2015-08-31 00:00:00,8,14.0419
2015-08-31 00:00:00,8.3,14.0407
2015-08-31 00:00:00,8.7,14.0332
2015-08-31 00:00:00,9,14.029
2015-08-31 00:00:00,9.3,14.0962
2015-09-07 00:00:00,0.1,25.1424
2015-09-07 00:00:00,0.4,25.0387
2015-09-07 00:00:00,0.7,24.946
2015-09-07 00:00:00,1,24.8583
2015-09-07 00:00:00,1.3,24.7655
2015-09-07 00:00:00,1.6,24.6895
2015-09-07 00:00:00,1.9,24.4874
2015-09-07 00:00:00,2.3,24.1432
2015-09-07 00:00:00,2.6,23.9561
2015-09-07 00:00:00,2.9,23.4702
2015-09-07 00:00:00,3.2,22.6464
2015-09-07 00:00:00,3.5,21.6977
2015-09-07 00:00:00,3.8,20.8266
2015-09-07 00:00:00,4.1,19.9566
2015-09-07 00:00:00,4.4,18.5382
2015-09-07 00:00:00,4.7,17.06
2015-09-07 00:00:00,5,16.0586
2015-09-07 00:00:00,5.3,14.9845
2015-09-07 00:00:00,5.6,14.3303
2015-09-07 00:00:00,5.9,14.2811
2015-09-07 00:00:00,6.2,14.2669
2015-09-07 00:00:00,6.5,14.259
2015-09-07 00:00:00,6.8,14.2464
2015-09-07 00:00:00,7.1,14.2341
2015-09-07 00:00:00,7.4,14.2316
2015-09-07 00:00:00,7.7,14.228
2015-09-07 00:00:00,8,14.2272
2015-09-07 00:00:00,8.3,14.2208
2015-09-07 00:00:00,8.7,14.2098
2015-09-07 00:00:00,9,14.2078
2015-09-07 00:00:00,9.3,14.2084
2015-09-14 00:00:00,0.1,22.8758
2015-09-14 00:00:00,0.4,22.7284
2015-09-14 00:00:00,0.7,22.5912
2015-09-14 00:00:00,1,22.5102
2015-09-14 00:00:00,1.3,22.4463
2015-09-14 00:00:00,1.6,22.4288
2015-09-14 00:00:00,1.9,22.4016
2015-09-14 00:00:00,2.3,22.2863
2015-09-14 00:00:00,2.6,22.225
2015-09-14 00:00:00,2.9,22.188
2015-09-14 00:00:00,3.2,22.1318
2015-09-14 00:00:00,3.5,21.7929
2015-09-14 00:00:00,3.8,20.8837
2015-09-14 00:00:00,4.1,20.1172
2015-09-14 00:00:00,4.4,18.4586
2015-09-14 00:00:00,4.7,17.4972
2015-09-14 00:00:00,5,16.4318
2015-09-14 00:00:00,5.3,15.4239
2015-09-14 00:00:00,5.6,14.562
2015-09-14 00:00:00,5.9,14.4214
2015-09-14 00:00:00,6.2,14.4063
2015-09-14 00:00:00,6.5,14.3907
2015-09-14 00:00:00,6.8,14.3849
2015-09-14 00:00:00,7.1,14.378
2015-09-14 00:00:00,7.4,14.3684
2015-09-14 00:00:00,7.7,14.3686
2015-09-14 00:00:00,8,14.3595
2015-09-14 00:00:00,8.3,14.3589
2015-09-14 00:00:00,8.7,14.3551
2015-09-14 00:00:00,9,14.3508
2015-09-14 00:00:00,9.3,14.3428
2015-09-21 00:00:00,0.1,21.757
2015-09-21 00:00:00,0.4,21.7625
2015-09-21 00:00:00,0.7,21.7708
2015-09-21 00:00:00,1,21.7873
2015-09-21 00:00:00,1.3,21.8008
2015-09-21 00:00:00,1.6,21.8002
2015-09-21 00:00:00,1.9,21.7923
2015-09-21 00:00:00,2.3,21.7965
2015-09-21 00:00:00,2.6,21.7967
2015-09-21 00:00:00,2.9,21.7339
2015-09-21 00:00:00,3.2,21.5629
2015-09-21 00:00:00,3.5,21.1351
2015-09-21 00:00:00,3.8,20.8622
2015-09-21 00:00:00,4.1,20.3343
2015-09-21 00:00:00,4.4,19.1974
2015-09-21 00:00:00,4.7,18.4767
2015-09-21 00:00:00,5,17.6382
2015-09-21 00:00:00,5.3,15.9008
2015-09-21 00:00:00,5.6,15.0175
2015-09-21 00:00:00,5.9,14.6489
2015-09-21 00:00:00,6.2,14.5549
2015-09-21 00:00:00,6.5,14.5447
2015-09-21 00:00:00,6.8,14.5379
2015-09-21 00:00:00,7.1,14.5308
2015-09-21 00:00:00,7.4,14.5275
2015-09-21 00:00:00,7.7,14.5255
2015-09-21 00:00:00,8,14.5231
2015-09-21 00:00:00,8.3,14.5257
2015-09-21 00:00:00,8.7,14.5144
2015-09-21 00:00:00,9,14.5144
2015-09-21 00:00:00,9.3,14.5101
2015-09-28 00:00:00,0.1,19.803
2015-09-28 00:00:00,0.4,19.7924
2015-09-28 00:00:00,0.7,19.7479
2015-09-28 00:00:00,1,19.6755
2015-09-28 00:00:00,1.3,19.6671
2015-09-28 00:00:00,1.6,19.6301
2015-09-28 00:00:00,1.9,19.4422
2015-09-28 00:00:00,2.3,19.2568
2015-09-28 00:00:00,2.6,19.2266
2015-09-28 00:00:00,2.9,19.2107
2015-09-28 00:00:00,3.2,19.1807
2015-09-28 00:00:00,3.5,19.0379
2015-09-28 00:00:00,3.8,18.789
2015-09-28 00:00:00,4.1,18.6895
2015-09-28 00:00:00,4.4,18.5573
2015-09-28 00:00:00,4.7,18.3209
2015-09-28 00:00:00,5,17.6705
2015-09-28 00:00:00,5.3,16.7316
2015-09-28 00:00:00,5.6,15.6046
2015-09-28 00:00:00,5.9,14.9097
2015-09-28 00:00:00,6.2,14.7444
2015-09-28 00:00:00,6.5,14.7322
2015-09-28 00:00:00,6.8,14.7029
2015-09-28 00:00:00,7.1,14.6985
2015-09-28 00:00:00,7.4,14.6933
2015-09-28 00:00:00,7.7,14.6883
2015-09-28 00:00:00,8,14.6845
2015-09-28 00:00:00,8.3,14.6791
2015-09-28 00:00:00,8.7,14.6767
2015-09-28 00:00:00,9,14.6756
2015-09-28 00:00:00,9.3,14.6731
2015-10-02 00:00:00,0.1,17.8879
2015-10-02 00:00:00,0.4,18.4482
2015-10-02 00:00:00,0.7,18.5108
2015-10-02 00:00:00,1,18.527
2015-10-02 00:00:00,1.3,18.5272
2015-10-02 00:00:00,1.6,18.5435
2015-10-02 00:00:00,1.9,18.5465
2015-10-02 00:00:00,2.3,18.5498
2015-10-02 00:00:00,2.6,18.5422
2015-10-02 00:00:00,2.9,18.5428
2015-10-02 00:00:00,3.2,18.4983
2015-10-02 00:00:00,3.5,18.4178
2015-10-02 00:00:00,3.8,18.3653
2015-10-02 00:00:00,4.1,18.3512
2015-10-02 00:00:00,4.4,18.3303
2015-10-02 00:00:00,4.7,18.3207
2015-10-02 00:00:00,5,18.2617
2015-10-02 00:00:00,5.3,18.2303
2015-10-02 00:00:00,5.6,17.9463
2015-10-02 00:00:00,5.9,17.3144
2015-10-02 00:00:00,6.2,16.5673
2015-10-02 00:00:00,6.5,15.8883
2015-10-02 00:00:00,6.8,15.1524
2015-10-02 00:00:00,7.1,14.993
2015-10-02 00:00:00,7.4,14.8311
2015-10-02 00:00:00,7.7,14.7642
2015-10-02 00:00:00,8,14.6874
2015-10-02 00:00:00,8.3,14.656
2015-10-02 00:00:00,8.7,14.6362
2015-10-02 00:00:00,9,14.5918
2015-10-02 00:00:00,9.3,14.5723
