time,temp,OXY_oxy
2015-03-31 05:00:00,    5.645555,  299.614799
2015-03-31 10:00:00,    5.107186,  299.390249
2015-03-31 15:00:00,    4.679400,  299.169911
2015-03-31 20:00:00,    4.571608,  298.950945
2015-04-01 01:00:00,    4.486976,  298.732531
2015-04-01 06:00:00,    4.486976,  298.515945
2015-04-01 11:00:00,    4.568530,  298.300102
2015-04-01 16:00:00,    4.718874,  298.083313
2015-04-01 21:00:00,    4.745572,  297.861366
2015-04-02 02:00:00,    4.745886,  297.637707
2015-04-02 07:00:00,    4.749619,  297.413381
2015-04-02 12:00:00,    5.219533,  300.216827
2015-04-02 17:00:00,    5.875912,  310.253514
2015-04-02 22:00:00,    5.990022,  317.777150
2015-04-03 03:00:00,    5.976939,  317.696092
2015-04-03 08:00:00,    6.194151,  319.618025
2015-04-03 13:00:00,    6.705756,  318.915950
2015-04-03 18:00:00,    7.113281,  322.539593
2015-04-03 23:00:00,    7.205459,  323.464495
2015-04-04 04:00:00,    7.389601,  327.251841
2015-04-04 09:00:00,    7.327828,  331.798740
2015-04-04 14:00:00,    7.784299,  335.547099
2015-04-04 19:00:00,    7.720239,  339.129828
2015-04-04 24:00:00,    7.429505,  339.625942
2015-04-05 05:00:00,    7.229297,  339.275110
2015-04-05 10:00:00,    7.211487,  339.085920
2015-04-05 15:00:00,    7.974209,  340.904973
2015-04-05 20:00:00,    7.948349,  341.938178
2015-04-06 01:00:00,    7.716948,  341.843371
2015-04-06 06:00:00,    7.514450,  341.142868
2015-04-06 11:00:00,    7.692640,  341.291976
2015-04-06 16:00:00,    8.065657,  341.622513
2015-04-06 21:00:00,    8.124786,  342.603404
2015-04-07 02:00:00,    8.162187,  341.878336
2015-04-07 07:00:00,    8.172451,  341.638121
2015-04-07 12:00:00,    8.331367,  341.657615
2015-04-07 17:00:00,    9.072736,  342.272042
2015-04-07 22:00:00,    9.090247,  342.013859
2015-04-08 03:00:00,    9.126329,  342.363786
2015-04-08 08:00:00,    9.138342,  342.007701
2015-04-08 13:00:00,    9.296750,  341.769474
2015-04-08 18:00:00,   10.344446,  342.084805
2015-04-08 23:00:00,   10.337372,  342.461677
2015-04-09 04:00:00,   10.323826,  342.122926
2015-04-09 09:00:00,   10.362725,  341.813858
2015-04-09 14:00:00,   10.556186,  341.604621
2015-04-09 19:00:00,   11.683608,  341.176812
2015-04-09 24:00:00,   11.821946,  340.606232
2015-04-10 05:00:00,   11.671060,  339.980312
2015-04-10 10:00:00,   11.721265,  339.687999
2015-04-10 15:00:00,   12.511979,  338.714005
2015-04-10 20:00:00,   12.807544,  337.371000
2015-04-11 01:00:00,   12.372777,  336.681407
2015-04-11 06:00:00,   11.989371,  335.745505
2015-04-11 11:00:00,   12.137676,  335.533862
2015-04-11 16:00:00,   12.653025,  335.062804
2015-04-11 21:00:00,   12.470594,  334.426917
2015-04-12 02:00:00,   12.026516,  333.748635
2015-04-12 07:00:00,   11.734481,  333.410665
2015-04-12 12:00:00,   11.968252,  333.300924
2015-04-12 17:00:00,   12.681822,  333.047238
2015-04-12 22:00:00,   12.457821,  332.593571
2015-04-13 03:00:00,   12.178785,  331.813189
2015-04-13 08:00:00,   12.053993,  331.508677
2015-04-13 13:00:00,   12.946724,  331.292981
2015-04-13 18:00:00,   13.074163,  330.861974
2015-04-13 23:00:00,   13.093471,  330.391705
2015-04-14 04:00:00,   13.099865,  329.934404
2015-04-14 09:00:00,   13.132181,  329.425358
2015-04-14 14:00:00,   14.160486,  326.841265
2015-04-14 19:00:00,   14.205855,  326.429083
2015-04-14 24:00:00,   14.204669,  325.226865
2015-04-15 05:00:00,   13.934909,  323.966466
2015-04-15 10:00:00,   13.928362,  323.597609
2015-04-15 15:00:00,   14.114946,  323.368586
2015-04-15 20:00:00,   14.144629,  322.943843
2015-04-16 01:00:00,   13.944092,  322.378769
2015-04-16 06:00:00,   13.789230,  322.011982
2015-04-16 11:00:00,   13.704556,  321.820330
2015-04-16 16:00:00,   13.758430,  321.467797
2015-04-16 21:00:00,   13.769141,  321.378560
2015-04-17 02:00:00,   13.623583,  321.162165
2015-04-17 07:00:00,   13.502958,  320.900221
2015-04-17 12:00:00,   13.622209,  320.742830
2015-04-17 17:00:00,   14.714296,  320.294051
2015-04-17 22:00:00,   14.811649,  319.657285
2015-04-18 03:00:00,   14.468938,  319.320424
2015-04-18 08:00:00,   14.310458,  319.054451
2015-04-18 13:00:00,   14.416903,  318.928469
2015-04-18 18:00:00,   15.732502,  318.014392
2015-04-18 23:00:00,   15.493518,  317.379331
2015-04-19 04:00:00,   15.259412,  316.941695
2015-04-19 09:00:00,   15.119037,  316.677623
2015-04-19 14:00:00,   15.250939,  316.490564
2015-04-19 19:00:00,   15.322213,  315.721788
2015-04-19 24:00:00,   15.192630,  315.258782
2015-04-20 05:00:00,   14.924348,  315.017444
2015-04-20 10:00:00,   14.917130,  314.799328
2015-04-20 15:00:00,   15.282910,  314.474658
2015-04-20 20:00:00,   15.627300,  314.005322
2015-04-21 01:00:00,   15.436299,  312.742515
2015-04-21 06:00:00,   14.509447,  312.506623
2015-04-21 11:00:00,   14.298125,  313.635588
2015-04-21 16:00:00,   14.596231,  314.039845
2015-04-21 21:00:00,   14.207928,  314.031111
2015-04-22 02:00:00,   13.750865,  313.573714
2015-04-22 07:00:00,   13.482231,  313.158656
2015-04-22 12:00:00,   13.872105,  314.454550
2015-04-22 17:00:00,   14.321012,  315.328542
2015-04-22 22:00:00,   14.017924,  315.195132
2015-04-23 03:00:00,   13.348462,  315.497986
2015-04-23 08:00:00,   12.830907,  316.198888
2015-04-23 13:00:00,   12.892721,  319.454843
2015-04-23 18:00:00,   12.955852,  320.581760
2015-04-23 23:00:00,   12.374600,  321.709832
2015-04-24 04:00:00,   11.858588,  321.750872
2015-04-24 09:00:00,   11.564321,  322.609112
2015-04-24 14:00:00,   12.077192,  324.416991
2015-04-24 19:00:00,   12.052618,  325.282375
2015-04-24 24:00:00,   11.684375,  324.728905
2015-04-25 05:00:00,   11.469640,  324.096574
2015-04-25 10:00:00,   11.432642,  323.575093
2015-04-25 15:00:00,   11.519054,  323.815144
2015-04-25 20:00:00,   11.392380,  323.734272
2015-04-26 01:00:00,   11.292280,  323.609515
2015-04-26 06:00:00,   11.182927,  323.414912
2015-04-26 11:00:00,   11.192403,  323.300429
2015-04-26 16:00:00,   11.341163,  323.811085
2015-04-26 21:00:00,   11.233863,  323.493196
2015-04-27 02:00:00,   10.993211,  323.029490
2015-04-27 07:00:00,   10.692222,  322.995624
2015-04-27 12:00:00,   10.941208,  323.603611
2015-04-27 17:00:00,   11.369695,  324.407602
2015-04-27 22:00:00,   11.148565,  325.237190
2015-04-28 03:00:00,   10.893040,  324.710183
2015-04-28 08:00:00,   10.663493,  324.500426
2015-04-28 13:00:00,   10.950935,  324.441626
2015-04-28 18:00:00,   11.984878,  325.562063
2015-04-28 23:00:00,   11.813704,  325.368463
2015-04-29 04:00:00,   11.617557,  324.145641
2015-04-29 09:00:00,   11.518270,  323.831899
2015-04-29 14:00:00,   11.720206,  323.532027
2015-04-29 19:00:00,   12.778747,  323.935708
2015-04-29 24:00:00,   12.541175,  323.718675
2015-04-30 05:00:00,   12.323975,  323.071848
2015-04-30 10:00:00,   12.411818,  322.845821
2015-04-30 15:00:00,   13.380175,  323.049162
2015-04-30 20:00:00,   13.486400,  322.924132
2015-05-01 01:00:00,   13.243149,  322.075597
2015-05-01 06:00:00,   13.056590,  321.762939
2015-05-01 11:00:00,   13.214615,  321.613531
2015-05-01 16:00:00,   13.980151,  321.630699
2015-05-01 21:00:00,   13.975747,  321.390257
2015-05-02 02:00:00,   13.565999,  320.408293
2015-05-02 07:00:00,   13.190781,  320.057221
2015-05-02 12:00:00,   13.698606,  320.220352
2015-05-02 17:00:00,   13.908168,  319.803053
2015-05-02 22:00:00,   13.927357,  319.327391
2015-05-03 03:00:00,   13.927896,  318.838829
2015-05-03 08:00:00,   13.781333,  318.401898
2015-05-03 13:00:00,   14.001098,  318.053433
2015-05-03 18:00:00,   14.172774,  317.667258
2015-05-03 23:00:00,   14.177691,  317.191955
2015-05-04 04:00:00,   14.177113,  316.645200
2015-05-04 09:00:00,   14.236453,  315.975714
2015-05-04 14:00:00,   14.435474,  315.457547
2015-05-04 19:00:00,   15.346372,  314.461597
2015-05-04 24:00:00,   16.008017,  313.335406
2015-05-05 05:00:00,   15.448902,  312.489623
2015-05-05 10:00:00,   15.559280,  312.354979
2015-05-05 15:00:00,   15.785678,  312.286975
2015-05-05 20:00:00,   15.923916,  311.821330
2015-05-06 01:00:00,   15.697374,  309.878444
2015-05-06 06:00:00,   15.905373,  308.944464
2015-05-06 11:00:00,   16.058441,  308.622785
2015-05-06 16:00:00,   16.468069,  308.178472
2015-05-06 21:00:00,   17.866600,  306.273230
2015-05-07 02:00:00,   16.093263,  305.293596
2015-05-07 07:00:00,   16.401492,  305.006220
2015-05-07 12:00:00,   16.590747,  304.751407
2015-05-07 17:00:00,   16.820858,  304.403542
2015-05-07 22:00:00,   17.050732,  303.689836
2015-05-08 03:00:00,   17.200189,  302.641342
2015-05-08 08:00:00,   17.309073,  301.923503
2015-05-08 13:00:00,   17.433694,  301.706834
2015-05-08 18:00:00,   17.597137,  301.419972
2015-05-08 23:00:00,   17.781969,  300.538080
2015-05-09 04:00:00,   17.984913,  299.048055
2015-05-09 09:00:00,   18.053049,  298.134077
2015-05-09 14:00:00,   19.536140,  297.444395
2015-05-09 19:00:00,   19.958427,  295.741247
2015-05-09 24:00:00,   19.645207,  294.752856
2015-05-10 05:00:00,   18.959712,  294.065436
2015-05-10 10:00:00,   18.839025,  293.768215
2015-05-10 15:00:00,   18.944436,  293.616961
2015-05-10 20:00:00,   20.237357,  291.869117
2015-05-11 01:00:00,   19.829534,  291.325133
2015-05-11 06:00:00,   19.321578,  290.899841
2015-05-11 11:00:00,   19.327272,  290.912489
2015-05-11 16:00:00,   19.469563,  290.947131
2015-05-11 21:00:00,   19.593663,  290.165453
2015-05-12 02:00:00,   19.147825,  289.007519
2015-05-12 07:00:00,   19.477660,  287.246861
2015-05-12 12:00:00,   20.389311,  286.131403
2015-05-12 17:00:00,   20.654889,  285.262463
2015-05-12 22:00:00,   20.169153,  282.555456
2015-05-13 03:00:00,   19.033264,  283.177839
2015-05-13 08:00:00,   18.384506,  283.448210
2015-05-13 13:00:00,   18.739682,  284.530393
2015-05-13 18:00:00,   18.993806,  285.164796
2015-05-13 23:00:00,   18.390721,  284.720628
2015-05-14 04:00:00,   17.892713,  284.190712
2015-05-14 09:00:00,   17.727491,  284.040912
2015-05-14 14:00:00,   17.968274,  283.930225
2015-05-14 19:00:00,   18.123690,  283.679029
2015-05-14 24:00:00,   18.226002,  283.560451
2015-05-15 05:00:00,   18.166557,  283.975134
2015-05-15 10:00:00,   18.133927,  283.533794
2015-05-15 15:00:00,   18.834583,  284.320339
2015-05-15 20:00:00,   18.911591,  284.005009
2015-05-16 01:00:00,   18.690493,  283.878786
2015-05-16 06:00:00,   18.383006,  283.350933
2015-05-16 11:00:00,   18.574591,  283.482557
2015-05-16 16:00:00,   19.187082,  281.943819
2015-05-16 21:00:00,   19.450789,  281.977371
2015-05-17 02:00:00,   19.263333,  281.262335
2015-05-17 07:00:00,   19.146697,  280.696804
2015-05-17 12:00:00,   19.343232,  280.586214
2015-05-17 17:00:00,   19.928464,  280.638363
2015-05-17 22:00:00,   20.114677,  280.437396
2015-05-18 03:00:00,   19.955328,  279.798391
2015-05-18 08:00:00,   19.895873,  279.427833
2015-05-18 13:00:00,   20.097919,  279.274046
2015-05-18 18:00:00,   20.241768,  278.884473
2015-05-18 23:00:00,   20.796804,  277.838117
2015-05-19 04:00:00,   20.710093,  276.999004
2015-05-19 09:00:00,   20.698964,  276.640262
2015-05-19 14:00:00,   20.991003,  276.216571
2015-05-19 19:00:00,   21.471198,  275.236916
2015-05-19 24:00:00,   21.274519,  274.018132
2015-05-20 05:00:00,   20.432539,  274.069343
2015-05-20 10:00:00,   20.229423,  274.562472
2015-05-20 15:00:00,   20.662836,  275.076031
2015-05-20 20:00:00,   20.638143,  275.176721
2015-05-21 01:00:00,   20.123488,  274.087688
2015-05-21 06:00:00,   19.650070,  273.827762
2015-05-21 11:00:00,   19.553319,  273.672411
2015-05-21 16:00:00,   19.694493,  273.389080
2015-05-21 21:00:00,   19.513664,  273.944605
2015-05-22 02:00:00,   18.820463,  275.260250
2015-05-22 07:00:00,   18.301340,  275.476023
2015-05-22 12:00:00,   18.450310,  276.651884
2015-05-22 17:00:00,   19.025006,  278.722618
2015-05-22 22:00:00,   18.562508,  278.326344
2015-05-23 03:00:00,   18.182512,  277.184351
2015-05-23 08:00:00,   18.016942,  276.825007
2015-05-23 13:00:00,   18.304130,  276.942276
2015-05-23 18:00:00,   18.580616,  277.121709
2015-05-23 23:00:00,   18.677658,  279.327199
2015-05-24 04:00:00,   18.262976,  277.628242
2015-05-24 09:00:00,   18.184293,  276.787313
2015-05-24 14:00:00,   18.433720,  276.498370
2015-05-24 19:00:00,   18.581153,  276.171259
2015-05-24 24:00:00,   18.611878,  275.686387
2015-05-25 05:00:00,   18.663973,  275.506764
2015-05-25 10:00:00,   18.792935,  275.579692
2015-05-25 15:00:00,   20.261094,  278.273397
2015-05-25 20:00:00,   20.383154,  278.749382
2015-05-26 01:00:00,   19.963835,  278.053290
2015-05-26 06:00:00,   19.632098,  277.272421
2015-05-26 11:00:00,   19.702131,  276.547830
2015-05-26 16:00:00,   19.960270,  275.844421
2015-05-26 21:00:00,   20.184525,  275.182835
2015-05-27 02:00:00,   20.295238,  274.646044
2015-05-27 07:00:00,   20.357978,  274.121014
2015-05-27 12:00:00,   20.932628,  274.338724
2015-05-27 17:00:00,   21.131547,  273.638955
2015-05-27 22:00:00,   21.257905,  272.669175
2015-05-28 03:00:00,   20.695098,  271.014642
2015-05-28 08:00:00,   20.842758,  270.910806
2015-05-28 13:00:00,   21.021458,  270.257660
2015-05-28 18:00:00,   21.154919,  269.552559
2015-05-28 23:00:00,   21.252675,  268.786593
2015-05-29 04:00:00,   21.364452,  268.404818
2015-05-29 09:00:00,   21.483920,  267.816772
2015-05-29 14:00:00,   21.673018,  267.176393
2015-05-29 19:00:00,   21.859392,  266.468680
2015-05-29 24:00:00,   22.065590,  265.800047
2015-05-30 05:00:00,   22.200315,  265.374881
2015-05-30 10:00:00,   22.300013,  264.991130
2015-05-30 15:00:00,   23.561283,  265.291381
2015-05-30 20:00:00,   23.888318,  265.022411
2015-05-31 01:00:00,   23.498133,  264.350989
2015-05-31 06:00:00,   23.146100,  263.712742
2015-05-31 11:00:00,   23.232790,  263.321603
2015-05-31 16:00:00,   23.539172,  263.100145
2015-05-31 21:00:00,   23.654058,  262.464574
2015-06-01 02:00:00,   22.943726,  259.797487
2015-06-01 07:00:00,   23.338492,  261.461229
2015-06-01 12:00:00,   23.473964,  260.916674
2015-06-01 17:00:00,   23.795235,  260.604485
2015-06-01 22:00:00,   23.867439,  259.835308
2015-06-02 03:00:00,   23.800582,  259.008982
2015-06-02 08:00:00,   23.706427,  259.325159
2015-06-02 13:00:00,   23.784425,  258.597069
2015-06-02 18:00:00,   24.504554,  258.999803
2015-06-02 23:00:00,   23.859854,  258.197080
2015-06-03 04:00:00,   23.230048,  257.088376
2015-06-03 09:00:00,   22.879901,  256.373898
2015-06-03 14:00:00,   22.808645,  255.631688
2015-06-03 19:00:00,   22.648931,  255.694599
2015-06-03 24:00:00,   22.244186,  254.572528
2015-06-04 05:00:00,   21.956430,  253.815436
2015-06-04 10:00:00,   21.797560,  253.408258
2015-06-04 15:00:00,   21.932585,  253.510148
2015-06-04 20:00:00,   21.724398,  253.769889
2015-06-05 01:00:00,   21.432028,  253.192383
2015-06-05 06:00:00,   21.273770,  252.474438
2015-06-05 11:00:00,   21.340129,  252.081418
2015-06-05 16:00:00,   21.524131,  251.480234
2015-06-05 21:00:00,   21.542975,  250.706901
2015-06-06 02:00:00,   21.705394,  251.014014
2015-06-06 07:00:00,   21.529758,  251.501572
2015-06-06 12:00:00,   21.769207,  250.967928
2015-06-06 17:00:00,   22.947156,  252.686393
2015-06-06 22:00:00,   22.758502,  253.563738
2015-06-07 03:00:00,   22.141875,  252.687843
2015-06-07 08:00:00,   21.834721,  252.350842
2015-06-07 13:00:00,   22.586856,  253.798492
2015-06-07 18:00:00,   23.228068,  255.822201
2015-06-07 23:00:00,   22.834203,  255.488736
2015-06-08 04:00:00,   22.454313,  254.797563
2015-06-08 09:00:00,   22.357610,  253.769633
2015-06-08 14:00:00,   22.794600,  253.425058
2015-06-08 19:00:00,   22.981351,  252.807496
2015-06-08 24:00:00,   23.547659,  255.810902
2015-06-09 05:00:00,   22.959620,  254.098669
2015-06-09 10:00:00,   22.992437,  254.907567
2015-06-09 15:00:00,   23.602957,  256.703615
2015-06-09 20:00:00,   23.538214,  257.014586
2015-06-10 01:00:00,   23.154070,  255.831571
2015-06-10 06:00:00,   22.712707,  254.273156
2015-06-10 11:00:00,   22.810584,  253.364512
2015-06-10 16:00:00,   23.019293,  252.459653
2015-06-10 21:00:00,   23.240111,  251.776769
2015-06-11 02:00:00,   23.382518,  251.688990
2015-06-11 07:00:00,   23.060736,  251.488550
2015-06-11 12:00:00,   23.228792,  250.615297
2015-06-11 17:00:00,   24.627235,  251.879858
2015-06-11 22:00:00,   24.526163,  252.246825
2015-06-12 03:00:00,   24.117808,  251.148429
2015-06-12 08:00:00,   23.828260,  249.663703
2015-06-12 13:00:00,   24.076341,  249.061945
2015-06-12 18:00:00,   24.364198,  248.643050
2015-06-12 23:00:00,   24.559194,  250.218479
2015-06-13 04:00:00,   24.004230,  249.525312
2015-06-13 09:00:00,   23.899038,  249.627963
2015-06-13 14:00:00,   24.233983,  249.360283
2015-06-13 19:00:00,   25.215483,  250.277224
2015-06-13 24:00:00,   24.823414,  249.400612
2015-06-14 05:00:00,   24.360205,  248.509292
2015-06-14 10:00:00,   24.334091,  247.608386
2015-06-14 15:00:00,   24.989486,  247.802677
2015-06-14 20:00:00,   25.122504,  247.598738
2015-06-15 01:00:00,   24.865373,  246.563085
2015-06-15 06:00:00,   24.600253,  245.678438
2015-06-15 11:00:00,   24.999066,  246.975123
2015-06-15 16:00:00,   25.302699,  246.686023
2015-06-15 21:00:00,   25.302971,  245.735108
2015-06-16 02:00:00,   25.325866,  245.245050
2015-06-16 07:00:00,   25.005967,  244.692058
2015-06-16 12:00:00,   25.340555,  244.948913
2015-06-16 17:00:00,   26.290158,  246.893232
2015-06-16 22:00:00,   25.935047,  246.020633
2015-06-17 03:00:00,   25.515842,  244.996284
2015-06-17 08:00:00,   25.342205,  244.245480
2015-06-17 13:00:00,   25.553324,  243.440083
2015-06-17 18:00:00,   25.683515,  242.444311
2015-06-17 23:00:00,   25.839790,  241.714561
2015-06-18 04:00:00,   25.904858,  242.436433
2015-06-18 09:00:00,   25.832261,  241.776373
2015-06-18 14:00:00,   26.770046,  241.804901
2015-06-18 19:00:00,   26.902905,  241.823218
2015-06-18 24:00:00,   26.477070,  241.426992
2015-06-19 05:00:00,   26.017314,  240.149328
2015-06-19 10:00:00,   25.945626,  239.580428
2015-06-19 15:00:00,   26.113753,  238.592142
2015-06-19 20:00:00,   26.164849,  237.533707
2015-06-20 01:00:00,   26.349370,  237.960999
2015-06-20 06:00:00,   25.959540,  236.892231
2015-06-20 11:00:00,   26.039482,  235.693175
2015-06-20 16:00:00,   26.936840,  238.575966
2015-06-20 21:00:00,   26.678946,  238.621502
2015-06-21 02:00:00,   26.017326,  238.852219
2015-06-21 07:00:00,   25.507951,  239.113358
2015-06-21 12:00:00,   25.937276,  240.309590
2015-06-21 17:00:00,   26.267726,  239.997146
2015-06-21 22:00:00,   26.111386,  240.928762
2015-06-22 03:00:00,   25.683593,  239.788546
2015-06-22 08:00:00,   25.481913,  238.444665
2015-06-22 13:00:00,   25.718153,  237.606902
2015-06-22 18:00:00,   25.873351,  236.644863
2015-06-22 23:00:00,   26.087599,  235.970140
2015-06-23 04:00:00,   25.935795,  236.018036
2015-06-23 09:00:00,   25.757801,  235.548945
2015-06-23 14:00:00,   26.340456,  235.804352
2015-06-23 19:00:00,   27.171741,  237.810640
2015-06-23 24:00:00,   26.647124,  237.546677
2015-06-24 05:00:00,   26.107315,  236.146347
2015-06-24 10:00:00,   26.090303,  235.393369
2015-06-24 15:00:00,   26.715512,  235.769777
2015-06-24 20:00:00,   26.808436,  235.987121
2015-06-25 01:00:00,   26.341436,  234.535649
2015-06-25 06:00:00,   25.947117,  233.499069
2015-06-25 11:00:00,   26.052273,  232.657829
2015-06-25 16:00:00,   26.276334,  231.551795
2015-06-25 21:00:00,   26.321206,  230.354348
2015-06-26 02:00:00,   26.626272,  231.353747
2015-06-26 07:00:00,   26.282454,  230.306388
2015-06-26 12:00:00,   26.433867,  229.500790
2015-06-26 17:00:00,   26.622444,  228.459398
2015-06-26 22:00:00,   26.810291,  231.542817
2015-06-27 03:00:00,   26.305906,  230.986966
2015-06-27 08:00:00,   26.054640,  230.571639
2015-06-27 13:00:00,   26.303130,  231.113079
2015-06-27 18:00:00,   26.434034,  230.200499
2015-06-27 23:00:00,   26.250457,  231.613484
2015-06-28 04:00:00,   25.563202,  230.704572
2015-06-28 09:00:00,   24.941710,  233.247461
2015-06-28 14:00:00,   25.135391,  237.026854
2015-06-28 19:00:00,   25.012912,  240.473347
2015-06-28 24:00:00,   24.561962,  239.071209
2015-06-29 05:00:00,   24.212535,  238.354967
2015-06-29 10:00:00,   24.356907,  237.668504
2015-06-29 15:00:00,   24.998442,  238.554093
2015-06-29 20:00:00,   24.924113,  239.508110
2015-06-30 01:00:00,   24.564408,  238.582252
2015-06-30 06:00:00,   24.214413,  236.975630
2015-06-30 11:00:00,   24.370953,  237.103149
2015-06-30 16:00:00,   24.717839,  236.689424
2015-06-30 21:00:00,   25.146804,  241.724705
2015-07-01 02:00:00,   24.520485,  240.545982
2015-07-01 07:00:00,   24.201636,  238.491245
2015-07-01 12:00:00,   24.669664,  240.339357
2015-07-01 17:00:00,   25.020403,  239.890120
2015-07-01 22:00:00,   25.094767,  239.333574
2015-07-02 03:00:00,   24.774297,  240.726118
2015-07-02 08:00:00,   24.485319,  240.300735
2015-07-02 13:00:00,   24.696984,  240.158898
2015-07-02 18:00:00,   24.862505,  239.770142
2015-07-02 23:00:00,   24.705720,  240.509110
2015-07-03 04:00:00,   24.442151,  237.958347
2015-07-03 09:00:00,   24.317328,  237.687904
2015-07-03 14:00:00,   24.494596,  237.145420
2015-07-03 19:00:00,   24.604506,  236.429227
2015-07-03 24:00:00,   24.593808,  237.585697
2015-07-04 05:00:00,   24.389239,  235.753597
2015-07-04 10:00:00,   24.516212,  235.760332
2015-07-04 15:00:00,   24.951692,  236.204986
2015-07-04 20:00:00,   25.025438,  235.203363
2015-07-05 01:00:00,   25.017244,  238.132207
2015-07-05 06:00:00,   24.636872,  235.917291
2015-07-05 11:00:00,   24.742420,  234.938465
2015-07-05 16:00:00,   25.712754,  236.363956
2015-07-05 21:00:00,   25.457487,  236.723656
2015-07-06 02:00:00,   25.249996,  236.950917
2015-07-06 07:00:00,   24.888736,  236.348141
2015-07-06 12:00:00,   24.969743,  235.264517
2015-07-06 17:00:00,   25.102532,  234.273367
2015-07-06 22:00:00,   25.239157,  236.201341
2015-07-07 03:00:00,   24.915457,  234.063410
2015-07-07 08:00:00,   24.755706,  232.740603
2015-07-07 13:00:00,   25.458145,  233.699188
2015-07-07 18:00:00,   25.648025,  232.677985
2015-07-07 23:00:00,   25.641919,  231.599175
2015-07-08 04:00:00,   25.571876,  232.762802
2015-07-08 09:00:00,   25.270056,  232.441854
2015-07-08 14:00:00,   25.376283,  231.343720
2015-07-08 19:00:00,   25.420157,  230.118168
2015-07-08 24:00:00,   25.276843,  230.134603
2015-07-09 05:00:00,   24.907948,  228.745775
2015-07-09 10:00:00,   24.886050,  228.219311
2015-07-09 15:00:00,   25.175531,  227.306739
2015-07-09 20:00:00,   25.246896,  226.329898
2015-07-10 01:00:00,   25.251009,  225.331903
2015-07-10 06:00:00,   25.201119,  227.023034
2015-07-10 11:00:00,   25.236362,  225.572532
2015-07-10 16:00:00,   25.445045,  224.458134
2015-07-10 21:00:00,   25.521418,  223.403287
2015-07-11 02:00:00,   25.577481,  223.342760
2015-07-11 07:00:00,   25.330957,  224.815798
2015-07-11 12:00:00,   25.536231,  223.932282
2015-07-11 17:00:00,   25.755767,  223.073468
2015-07-11 22:00:00,   25.783078,  222.083141
2015-07-12 03:00:00,   25.711651,  223.645991
2015-07-12 08:00:00,   25.412923,  221.674868
2015-07-12 13:00:00,   25.602107,  220.744453
2015-07-12 18:00:00,   25.717302,  219.712196
2015-07-12 23:00:00,   25.719704,  218.619587
2015-07-13 04:00:00,   25.729314,  217.620000
2015-07-13 09:00:00,   25.686976,  218.489535
2015-07-13 14:00:00,   25.891012,  217.237332
2015-07-13 19:00:00,   25.982462,  216.049774
2015-07-13 24:00:00,   25.974893,  214.880280
2015-07-14 05:00:00,   26.048600,  216.742299
2015-07-14 10:00:00,   25.850807,  216.913529
2015-07-14 15:00:00,   26.054672,  215.414427
2015-07-14 20:00:00,   26.128054,  214.061954
2015-07-15 01:00:00,   26.163292,  213.763426
2015-07-15 06:00:00,   25.766034,  214.796324
2015-07-15 11:00:00,   25.711399,  213.555736
2015-07-15 16:00:00,   25.986356,  212.380050
2015-07-15 21:00:00,   25.990270,  215.039956
2015-07-16 02:00:00,   25.502516,  214.450819
2015-07-16 07:00:00,   25.142983,  214.648420
2015-07-16 12:00:00,   25.226450,  213.770653
2015-07-16 17:00:00,   25.439429,  212.779167
2015-07-16 22:00:00,   25.460727,  211.727407
2015-07-17 03:00:00,   25.492927,  212.095888
2015-07-17 08:00:00,   25.316626,  211.010279
2015-07-17 13:00:00,   25.479787,  209.992247
2015-07-17 18:00:00,   25.617560,  208.790228
2015-07-17 23:00:00,   25.604884,  207.568068
2015-07-18 04:00:00,   25.646165,  207.187101
2015-07-18 09:00:00,   25.542716,  208.789614
2015-07-18 14:00:00,   25.712137,  207.554074
2015-07-18 19:00:00,   25.805309,  206.302599
2015-07-18 24:00:00,   25.783099,  205.028378
2015-07-19 05:00:00,   25.712508,  206.866410
2015-07-19 10:00:00,   25.675131,  206.129111
2015-07-19 15:00:00,   25.914149,  204.753941
2015-07-19 20:00:00,   26.012282,  203.511941
2015-07-20 01:00:00,   26.045363,  202.360318
2015-07-20 06:00:00,   26.157327,  204.074815
2015-07-20 11:00:00,   26.220659,  205.582350
2015-07-20 16:00:00,   26.388041,  203.669398
2015-07-20 21:00:00,   26.396485,  202.169742
2015-07-21 02:00:00,   26.398298,  201.076612
2015-07-21 07:00:00,   26.188858,  204.472684
2015-07-21 12:00:00,   26.230750,  203.403441
2015-07-21 17:00:00,   26.317234,  201.659829
2015-07-21 22:00:00,   26.396768,  202.281902
2015-07-22 03:00:00,   26.011973,  202.313633
2015-07-22 08:00:00,   25.664280,  202.337412
2015-07-22 13:00:00,   25.907608,  202.015211
2015-07-22 18:00:00,   26.096458,  200.803321
2015-07-22 23:00:00,   26.101555,  199.582462
2015-07-23 04:00:00,   25.804262,  201.453340
2015-07-23 09:00:00,   25.555389,  200.139865
2015-07-23 14:00:00,   25.796065,  199.111324
2015-07-23 19:00:00,   25.899186,  197.995864
2015-07-23 24:00:00,   25.899990,  196.850110
2015-07-24 05:00:00,   25.717215,  197.709256
2015-07-24 10:00:00,   25.614148,  197.154503
2015-07-24 15:00:00,   25.849382,  196.172188
2015-07-24 20:00:00,   25.921587,  195.169791
2015-07-25 01:00:00,   25.940897,  194.539414
2015-07-25 06:00:00,   25.541317,  194.244412
2015-07-25 11:00:00,   25.621662,  193.271943
2015-07-25 16:00:00,   25.857602,  192.274384
2015-07-25 21:00:00,   25.898123,  191.265348
2015-07-26 02:00:00,   25.893632,  190.256373
2015-07-26 07:00:00,   25.835540,  191.998496
2015-07-26 12:00:00,   26.014778,  190.837243
2015-07-26 17:00:00,   26.178107,  189.570383
2015-07-26 22:00:00,   26.180430,  188.371472
2015-07-27 03:00:00,   26.175792,  187.229048
2015-07-27 08:00:00,   26.206653,  186.365077
2015-07-27 13:00:00,   26.318893,  185.657518
2015-07-27 18:00:00,   26.409732,  184.686401
2015-07-27 23:00:00,   26.413432,  183.752085
2015-07-28 04:00:00,   26.450417,  183.981001
2015-07-28 09:00:00,   26.483900,  186.567395
2015-07-28 14:00:00,   26.633625,  184.617309
2015-07-28 19:00:00,   26.695506,  183.241916
2015-07-28 24:00:00,   26.682670,  182.012063
2015-07-29 05:00:00,   26.672659,  180.903700
2015-07-29 10:00:00,   26.739032,  180.473173
2015-07-29 15:00:00,   26.924968,  179.544784
2015-07-29 20:00:00,   26.986389,  178.455091
2015-07-30 01:00:00,   26.837425,  176.234402
2015-07-30 06:00:00,   26.862132,  176.853880
2015-07-30 11:00:00,   26.929997,  178.553037
2015-07-30 16:00:00,   27.098929,  176.852955
2015-07-30 21:00:00,   27.120756,  175.608719
2015-07-31 02:00:00,   26.819557,  187.591269
2015-07-31 07:00:00,   26.051149,  189.088025
2015-07-31 12:00:00,   26.165463,  190.214676
2015-07-31 17:00:00,   26.399327,  188.942238
2015-07-31 22:00:00,   26.427244,  192.262186
2015-08-01 03:00:00,   25.877808,  190.184156
2015-08-01 08:00:00,   25.478658,  191.037714
2015-08-01 13:00:00,   25.725820,  191.190718
2015-08-01 18:00:00,   25.886224,  189.975082
2015-08-01 23:00:00,   25.942010,  193.636791
2015-08-02 04:00:00,   25.397644,  191.235640
2015-08-02 09:00:00,   25.130273,  191.473521
2015-08-02 14:00:00,   25.362378,  190.752693
2015-08-02 19:00:00,   25.505160,  189.822343
2015-08-02 24:00:00,   25.327309,  190.877723
2015-08-03 05:00:00,   24.908569,  189.501503
2015-08-03 10:00:00,   24.901811,  190.138498
2015-08-03 15:00:00,   25.125737,  189.031516
2015-08-03 20:00:00,   25.190216,  188.022470
2015-08-04 01:00:00,   25.202058,  187.191532
2015-08-04 06:00:00,   24.903135,  189.279700
2015-08-04 11:00:00,   24.977678,  188.875791
2015-08-04 16:00:00,   25.112336,  187.875866
2015-08-04 21:00:00,   25.137056,  186.867220
2015-08-05 02:00:00,   25.157578,  186.634457
2015-08-05 07:00:00,   24.916917,  187.494316
2015-08-05 12:00:00,   25.029991,  187.106254
2015-08-05 17:00:00,   25.221202,  186.154914
2015-08-05 22:00:00,   25.234014,  185.195125
2015-08-06 03:00:00,   25.255523,  185.389648
2015-08-06 08:00:00,   25.135565,  189.068037
2015-08-06 13:00:00,   25.255519,  187.990690
2015-08-06 18:00:00,   25.376329,  186.928160
2015-08-06 23:00:00,   25.377710,  185.860129
2015-08-07 04:00:00,   25.387952,  187.674656
2015-08-07 09:00:00,   25.150271,  185.532287
2015-08-07 14:00:00,   25.259305,  185.758578
2015-08-07 19:00:00,   25.199531,  188.412485
2015-08-07 24:00:00,   24.977035,  187.103382
2015-08-08 05:00:00,   24.772143,  185.953836
2015-08-08 10:00:00,   24.780172,  185.466052
2015-08-08 15:00:00,   24.917293,  184.541733
2015-08-08 20:00:00,   24.962244,  183.610141
2015-08-09 01:00:00,   24.963088,  182.681012
2015-08-09 06:00:00,   24.838217,  183.209498
2015-08-09 11:00:00,   24.902700,  182.237838
2015-08-09 16:00:00,   25.139063,  181.327031
2015-08-09 21:00:00,   25.171471,  180.405133
2015-08-10 02:00:00,   25.170726,  179.495416
2015-08-10 07:00:00,   25.184512,  178.832938
2015-08-10 12:00:00,   25.251666,  178.905395
2015-08-10 17:00:00,   25.327511,  178.710261
2015-08-10 22:00:00,   25.265443,  184.144745
2015-08-11 03:00:00,   25.082572,  181.483587
2015-08-11 08:00:00,   24.918418,  180.451920
2015-08-11 13:00:00,   25.099668,  179.517658
2015-08-11 18:00:00,   25.213650,  178.554424
2015-08-11 23:00:00,   25.262236,  178.227088
2015-08-12 04:00:00,   24.963099,  180.639685
2015-08-12 09:00:00,   24.627106,  182.105368
2015-08-12 14:00:00,   25.006887,  182.827936
2015-08-12 19:00:00,   25.099782,  182.054698
2015-08-12 24:00:00,   24.835252,  187.434147
2015-08-13 05:00:00,   24.407654,  185.597977
2015-08-13 10:00:00,   24.282826,  185.363541
2015-08-13 15:00:00,   24.477523,  184.462534
2015-08-13 20:00:00,   24.538377,  183.453971
2015-08-14 01:00:00,   24.495123,  184.826032
2015-08-14 06:00:00,   24.118886,  183.248967
2015-08-14 11:00:00,   24.158431,  182.437353
2015-08-14 16:00:00,   24.398090,  181.518824
2015-08-14 21:00:00,   24.425360,  180.569133
2015-08-15 02:00:00,   24.489998,  180.449532
2015-08-15 07:00:00,   24.204568,  181.702660
2015-08-15 12:00:00,   24.368202,  180.997900
2015-08-15 17:00:00,   24.577517,  180.045336
2015-08-15 22:00:00,   24.566464,  179.073089
2015-08-16 03:00:00,   24.567493,  178.136843
2015-08-16 08:00:00,   24.376476,  181.601087
2015-08-16 13:00:00,   24.602131,  180.733916
2015-08-16 18:00:00,   24.717529,  179.675787
2015-08-16 23:00:00,   24.709144,  178.612013
2015-08-17 04:00:00,   24.663440,  182.739978
2015-08-17 09:00:00,   24.454909,  181.909361
2015-08-17 14:00:00,   24.684007,  181.003831
2015-08-17 19:00:00,   24.762142,  180.068679
2015-08-17 24:00:00,   24.760044,  179.115612
2015-08-18 05:00:00,   24.760780,  178.175975
2015-08-18 10:00:00,   24.800495,  177.257339
2015-08-18 15:00:00,   24.906613,  176.332512
2015-08-18 20:00:00,   24.946554,  175.407951
2015-08-19 01:00:00,   24.970991,  175.146101
2015-08-19 06:00:00,   24.880578,  180.179827
2015-08-19 11:00:00,   24.904445,  179.181560
2015-08-19 16:00:00,   25.050395,  177.741691
2015-08-19 21:00:00,   25.059256,  176.498499
2015-08-20 02:00:00,   25.054830,  175.357659
2015-08-20 07:00:00,   25.085767,  175.258984
2015-08-20 12:00:00,   25.169783,  175.704457
2015-08-20 17:00:00,   25.336523,  174.456868
2015-08-20 22:00:00,   25.336782,  173.416093
2015-08-21 03:00:00,   25.144663,  182.502908
2015-08-21 08:00:00,   24.583802,  184.661902
2015-08-21 13:00:00,   24.680301,  187.934058
2015-08-21 18:00:00,   24.858230,  187.205134
2015-08-21 23:00:00,   24.624612,  188.945498
2015-08-22 04:00:00,   24.253664,  188.191852
2015-08-22 09:00:00,   24.022447,  186.368968
2015-08-22 14:00:00,   24.237920,  185.605322
2015-08-22 19:00:00,   24.362116,  184.712428
2015-08-22 24:00:00,   24.358421,  183.825820
2015-08-23 05:00:00,   24.262731,  185.966147
2015-08-23 10:00:00,   24.217412,  184.633168
2015-08-23 15:00:00,   24.438805,  183.718536
2015-08-23 20:00:00,   24.479282,  182.792705
2015-08-24 01:00:00,   24.478833,  181.870717
2015-08-24 06:00:00,   24.462556,  186.637158
2015-08-24 11:00:00,   24.438589,  188.138468
2015-08-24 16:00:00,   24.637786,  187.212425
2015-08-24 21:00:00,   24.667774,  186.281349
2015-08-25 02:00:00,   24.341663,  193.722134
2015-08-25 07:00:00,   23.754777,  198.403869
2015-08-25 12:00:00,   23.797585,  200.814482
2015-08-25 17:00:00,   24.008772,  199.929116
2015-08-25 22:00:00,   24.018213,  204.666386
2015-08-26 03:00:00,   23.329742,  205.362737
2015-08-26 08:00:00,   22.935435,  206.468510
2015-08-26 13:00:00,   23.074466,  207.547492
2015-08-26 18:00:00,   23.218858,  206.800804
2015-08-26 23:00:00,   23.069790,  210.251726
2015-08-27 04:00:00,   22.723261,  209.036590
2015-08-27 09:00:00,   22.566729,  209.085782
2015-08-27 14:00:00,   22.714920,  208.266748
2015-08-27 19:00:00,   22.803452,  207.440483
2015-08-27 24:00:00,   22.804338,  206.616630
2015-08-28 05:00:00,   22.627900,  207.537237
2015-08-28 10:00:00,   22.613252,  206.660144
2015-08-28 15:00:00,   22.860445,  205.829380
2015-08-28 20:00:00,   22.926554,  204.984810
2015-08-29 01:00:00,   22.933733,  204.218197
2015-08-29 06:00:00,   22.695230,  206.632507
2015-08-29 11:00:00,   22.711954,  205.501403
2015-08-29 16:00:00,   23.113557,  205.253708
2015-08-29 21:00:00,   23.129220,  204.337722
2015-08-30 02:00:00,   23.017952,  207.647156
2015-08-30 07:00:00,   22.666634,  205.297170
2015-08-30 12:00:00,   22.749776,  204.649871
2015-08-30 17:00:00,   22.832009,  203.829568
2015-08-30 22:00:00,   22.838225,  203.005392
2015-08-31 03:00:00,   22.863454,  204.703303
2015-08-31 08:00:00,   22.688574,  203.175354
2015-08-31 13:00:00,   22.874218,  202.389720
2015-08-31 18:00:00,   23.023861,  201.592652
2015-08-31 23:00:00,   23.025014,  200.788861
2015-09-01 04:00:00,   22.996266,  204.086597
2015-09-01 09:00:00,   22.692936,  204.236674
2015-09-01 14:00:00,   23.037606,  204.603110
2015-09-01 19:00:00,   23.101205,  203.870496
2015-09-01 24:00:00,   22.808502,  206.299351
2015-09-02 05:00:00,   22.459055,  204.810523
2015-09-02 10:00:00,   22.363598,  205.573632
2015-09-02 15:00:00,   22.614188,  204.798729
2015-09-02 20:00:00,   22.850450,  209.651232
2015-09-03 01:00:00,   22.393248,  208.134861
2015-09-03 06:00:00,   22.101917,  208.248957
2015-09-03 11:00:00,   22.142963,  208.967920
2015-09-03 16:00:00,   22.337627,  208.122773
2015-09-03 21:00:00,   22.397895,  215.180853
2015-09-04 02:00:00,   22.013160,  212.517140
2015-09-04 07:00:00,   21.752090,  212.613637
2015-09-04 12:00:00,   21.899366,  212.896834
2015-09-04 17:00:00,   22.027328,  212.099208
2015-09-04 22:00:00,   21.948383,  215.838407
2015-09-05 03:00:00,   21.711551,  213.639374
2015-09-05 08:00:00,   21.559195,  213.073165
2015-09-05 13:00:00,   21.689062,  212.403130
2015-09-05 18:00:00,   21.818158,  211.627795
2015-09-05 23:00:00,   21.819018,  210.847332
2015-09-06 04:00:00,   21.777118,  213.063814
2015-09-06 09:00:00,   21.610805,  211.251368
2015-09-06 14:00:00,   21.754749,  210.514412
2015-09-06 19:00:00,   21.863727,  209.742743
2015-09-06 24:00:00,   21.768621,  210.771560
2015-09-07 05:00:00,   21.566218,  209.912953
2015-09-07 10:00:00,   21.544833,  209.574883
2015-09-07 15:00:00,   21.777814,  208.818470
2015-09-07 20:00:00,   21.834838,  208.051576
2015-09-08 01:00:00,   21.835042,  207.281945
2015-09-08 06:00:00,   21.763292,  210.030304
2015-09-08 11:00:00,   21.777223,  209.766323
2015-09-08 16:00:00,   21.919475,  209.008471
2015-09-08 21:00:00,   21.936985,  208.243072
2015-09-09 02:00:00,   21.937823,  207.485507
2015-09-09 07:00:00,   21.834493,  210.073532
2015-09-09 12:00:00,   21.927519,  209.572225
2015-09-09 17:00:00,   22.016508,  208.807198
2015-09-09 22:00:00,   22.020736,  208.037632
2015-09-10 03:00:00,   21.951043,  209.082331
2015-09-10 08:00:00,   21.779223,  207.925759
2015-09-10 13:00:00,   21.896726,  207.728947
2015-09-10 18:00:00,   21.989605,  206.970245
2015-09-10 23:00:00,   22.023868,  210.049969
2015-09-11 04:00:00,   21.770063,  208.189486
2015-09-11 09:00:00,   21.601680,  208.194253
2015-09-11 14:00:00,   21.817094,  207.438475
2015-09-11 19:00:00,   21.895011,  206.671794
2015-09-11 24:00:00,   21.895455,  205.904340
2015-09-12 05:00:00,   21.886206,  210.016418
2015-09-12 10:00:00,   21.740258,  208.022869
2015-09-12 15:00:00,   21.839114,  208.394580
2015-09-12 20:00:00,   21.671180,  207.601597
2015-09-13 01:00:00,   21.369565,  208.248609
2015-09-13 06:00:00,   20.983166,  209.793103
2015-09-13 11:00:00,   20.929827,  210.429877
2015-09-13 16:00:00,   21.379566,  213.321393
2015-09-13 21:00:00,   21.041598,  214.697969
2015-09-14 02:00:00,   20.763398,  212.208109
2015-09-14 07:00:00,   20.533064,  211.307132
2015-09-14 12:00:00,   20.690619,  210.821231
2015-09-14 17:00:00,   20.873299,  210.086169
2015-09-14 22:00:00,   20.874982,  209.348830
2015-09-15 03:00:00,   20.596936,  213.023350
2015-09-15 08:00:00,   20.317033,  214.507729
2015-09-15 13:00:00,   20.582894,  214.043357
2015-09-15 18:00:00,   20.709427,  213.317893
2015-09-15 23:00:00,   20.708886,  212.590117
2015-09-16 04:00:00,   20.520248,  215.646093
2015-09-16 09:00:00,   20.326401,  214.827819
2015-09-16 14:00:00,   20.524026,  214.125673
2015-09-16 19:00:00,   20.579784,  213.414167
2015-09-16 24:00:00,   20.580250,  212.701604
2015-09-17 05:00:00,   20.463597,  215.078668
2015-09-17 10:00:00,   20.358335,  214.649073
2015-09-17 15:00:00,   20.568662,  213.944840
2015-09-17 20:00:00,   20.608118,  213.231418
2015-09-18 01:00:00,   20.608997,  212.519917
2015-09-18 06:00:00,   20.414721,  215.722257
2015-09-18 11:00:00,   20.421039,  215.418718
2015-09-18 16:00:00,   20.635269,  214.728871
2015-09-18 21:00:00,   20.647747,  214.028005
2015-09-19 02:00:00,   20.649128,  213.349818
2015-09-19 07:00:00,   20.429520,  215.183013
2015-09-19 12:00:00,   20.574139,  214.916858
2015-09-19 17:00:00,   20.788648,  214.279894
2015-09-19 22:00:00,   20.791287,  213.628757
2015-09-20 03:00:00,   20.761290,  217.052249
2015-09-20 08:00:00,   20.491741,  217.186903
2015-09-20 13:00:00,   20.655916,  217.361026
2015-09-20 18:00:00,   20.730570,  216.651084
2015-09-20 23:00:00,   20.731542,  216.067070
2015-09-21 04:00:00,   20.488332,  217.415991
2015-09-21 09:00:00,   20.297705,  216.089713
2015-09-21 14:00:00,   20.199305,  216.313409
2015-09-21 19:00:00,   20.073789,  215.161030
2015-09-21 24:00:00,   19.925504,  214.591836
2015-09-22 05:00:00,   19.771225,  213.434523
2015-09-22 10:00:00,   19.627025,  213.563031
2015-09-22 15:00:00,   19.653547,  213.972282
2015-09-22 20:00:00,   19.558220,  213.625455
2015-09-23 01:00:00,   19.356132,  213.308809
2015-09-23 06:00:00,   19.160507,  213.942018
2015-09-23 11:00:00,   19.147242,  213.603990
2015-09-23 16:00:00,   19.356692,  213.034339
2015-09-23 21:00:00,   19.367990,  212.431812
2015-09-24 02:00:00,   19.423239,  216.410040
2015-09-24 07:00:00,   19.110562,  214.218194
2015-09-24 12:00:00,   19.174494,  213.833097
2015-09-24 17:00:00,   19.320952,  213.186916
2015-09-24 22:00:00,   19.491853,  215.548842
2015-09-25 03:00:00,   19.155538,  214.655059
2015-09-25 08:00:00,   18.970652,  214.173926
2015-09-25 13:00:00,   18.919974,  214.576729
2015-09-25 18:00:00,   18.802430,  214.904248
2015-09-25 23:00:00,   18.618476,  214.863185
2015-09-26 04:00:00,   18.422014,  215.937340
2015-09-26 09:00:00,   18.271997,  216.125808
2015-09-26 14:00:00,   18.261213,  217.732407
2015-09-26 19:00:00,   18.136023,  219.647582
2015-09-26 24:00:00,   17.966730,  221.598947
2015-09-27 05:00:00,   17.813480,  223.124027
2015-09-27 10:00:00,   17.692407,  222.790602
2015-09-27 15:00:00,   17.693073,  223.914615
2015-09-27 20:00:00,   17.611009,  225.674846
2015-09-28 01:00:00,   17.511246,  228.008078
2015-09-28 06:00:00,   17.405524,  227.496874
2015-09-28 11:00:00,   17.381651,  227.440690
2015-09-28 16:00:00,   17.458642,  226.875664
2015-09-28 21:00:00,   17.420910,  227.696921
2015-09-29 02:00:00,   17.327580,  228.005781
2015-09-29 07:00:00,   17.243752,  228.299606
2015-09-29 12:00:00,   17.185253,  228.870109
2015-09-29 17:00:00,   17.184826,  228.813080
2015-09-29 22:00:00,   17.090514,  228.343642
2015-09-30 03:00:00,   17.018124,  229.364589
2015-09-30 08:00:00,   16.945405,  230.750153
2015-09-30 13:00:00,   17.107460,  230.581630
2015-09-30 18:00:00,   17.148922,  230.015704
2015-09-30 23:00:00,   17.158786,  229.856169
2015-10-01 04:00:00,   17.098387,  238.434128
2015-10-01 09:00:00,   16.945319,  237.844057
2015-10-01 14:00:00,   17.001315,  238.318196
2015-10-01 19:00:00,   16.905266,  240.771626
2015-10-01 24:00:00,   16.676601,  242.261126
2015-10-02 05:00:00,   16.474936,  244.157664
2015-10-02 10:00:00,   16.303315,  244.571525
2015-10-02 15:00:00,   16.186393,  245.053573
2015-10-02 20:00:00,   15.950135,  246.813710
2015-10-03 01:00:00,   15.732715,  247.712151
2015-10-03 06:00:00,   15.462796,  248.947194
2015-10-03 11:00:00,   15.266992,  250.073307
2015-10-03 16:00:00,   15.201638,  249.253457
2015-10-03 21:00:00,   15.081224,  248.524534
2015-10-04 02:00:00,   14.938381,  249.738724
2015-10-04 07:00:00,   14.759605,  251.705877
2015-10-04 12:00:00,   14.678025,  252.293571
2015-10-04 17:00:00,   14.635570,  252.868473
2015-10-04 22:00:00,   14.488124,  253.433597
2015-10-05 03:00:00,   14.315756,  254.505908
2015-10-05 08:00:00,   14.125535,  257.099888
2015-10-05 13:00:00,   14.371639,  258.908488
2015-10-05 18:00:00,   14.520586,  258.564395
2015-10-05 23:00:00,   14.714451,  261.820653
2015-10-06 04:00:00,   14.399302,  261.868524
2015-10-06 09:00:00,   14.224893,  260.873087
2015-10-06 14:00:00,   14.604082,  260.773883
2015-10-06 19:00:00,   14.666527,  260.307133
2015-10-06 24:00:00,   14.687292,  260.966760
2015-10-07 05:00:00,   14.454970,  264.713770
2015-10-07 10:00:00,   14.385192,  265.002981
2015-10-07 15:00:00,   15.396733,  266.179419
2015-10-07 20:00:00,   15.355323,  266.740624
2015-10-08 01:00:00,   15.143606,  269.647850
2015-10-08 06:00:00,   14.878730,  270.010156
2015-10-08 11:00:00,   14.861736,  269.694431
2015-10-08 16:00:00,   15.035033,  269.186496
2015-10-08 21:00:00,   15.040679,  268.672468
2015-10-09 02:00:00,   15.045920,  268.168209
2015-10-09 07:00:00,   15.050573,  267.684325
2015-10-09 12:00:00,   15.112172,  267.234583
2015-10-09 17:00:00,   15.222983,  266.744821
2015-10-09 22:00:00,   15.243843,  266.493657
2015-10-10 03:00:00,   15.458492,  272.597222
2015-10-10 08:00:00,   15.226281,  274.208265
2015-10-10 13:00:00,   15.037087,  272.568098
2015-10-10 18:00:00,   14.870122,  272.366687
2015-10-10 23:00:00,   14.660149,  269.363009
2015-10-11 04:00:00,   14.523214,  269.019691
2015-10-11 09:00:00,   14.406409,  266.622513
2015-10-11 14:00:00,   14.674779,  265.649562
2015-10-11 19:00:00,   14.735240,  265.161978
2015-10-11 24:00:00,   14.736819,  264.744211
2015-10-12 05:00:00,   14.524630,  267.717226
2015-10-12 10:00:00,   14.455532,  267.163784
2015-10-12 15:00:00,   14.651496,  266.692684
2015-10-12 20:00:00,   14.679622,  266.213197
2015-10-13 01:00:00,   14.685235,  265.743246
2015-10-13 06:00:00,   14.702738,  269.786546
2015-10-13 11:00:00,   14.696839,  269.652304
2015-10-13 16:00:00,   14.855452,  269.170246
2015-10-13 21:00:00,   15.239526,  272.497395
2015-10-14 02:00:00,   15.008292,  274.258925
2015-10-14 07:00:00,   14.729087,  272.735747
2015-10-14 12:00:00,   14.865962,  272.887531
2015-10-14 17:00:00,   15.012187,  272.397628
2015-10-14 22:00:00,   15.013201,  271.909923
2015-10-15 03:00:00,   14.941251,  275.307871
2015-10-15 08:00:00,   14.672606,  273.752144
2015-10-15 13:00:00,   14.867610,  273.513972
2015-10-15 18:00:00,   14.974353,  273.016914
2015-10-15 23:00:00,   14.976534,  274.983403
2015-10-16 04:00:00,   14.704098,  275.234795
2015-10-16 09:00:00,   14.539328,  273.525379
2015-10-16 14:00:00,   14.713233,  273.084800
2015-10-16 19:00:00,   14.782224,  272.609153
2015-10-16 24:00:00,   14.638130,  274.262341
2015-10-17 05:00:00,   14.395875,  273.132490
2015-10-17 10:00:00,   14.263150,  270.786113
2015-10-17 15:00:00,   14.616431,  271.175433
2015-10-17 20:00:00,   14.537654,  274.008337
2015-10-18 01:00:00,   14.248121,  271.335272
2015-10-18 06:00:00,   14.048498,  269.830130
2015-10-18 11:00:00,   14.002709,  269.657126
2015-10-18 16:00:00,   14.326455,  271.694612
2015-10-18 21:00:00,   14.071047,  272.108037
2015-10-19 02:00:00,   13.830898,  271.661663
2015-10-19 07:00:00,   13.572805,  272.179315
2015-10-19 12:00:00,   13.670057,  272.078216
2015-10-19 17:00:00,   13.783807,  271.644939
2015-10-19 22:00:00,   13.943993,  272.169697
2015-10-20 03:00:00,   13.605303,  271.939076
2015-10-20 08:00:00,   13.360884,  272.885535
2015-10-20 13:00:00,   13.510105,  273.448430
2015-10-20 18:00:00,   13.596313,  272.978289
2015-10-20 23:00:00,   13.634239,  273.910121
2015-10-21 04:00:00,   13.396950,  274.152834
2015-10-21 09:00:00,   13.233577,  274.814936
2015-10-21 14:00:00,   13.613109,  274.956326
2015-10-21 19:00:00,   13.662967,  274.588783
2015-10-21 24:00:00,   13.669590,  276.058476
2015-10-22 05:00:00,   13.505215,  277.588915
2015-10-22 10:00:00,   13.431083,  278.127981
2015-10-22 15:00:00,   13.622406,  277.678574
2015-10-22 20:00:00,   13.644922,  277.226595
2015-10-23 01:00:00,   13.998724,  280.160672
2015-10-23 06:00:00,   13.833221,  282.493631
2015-10-23 11:00:00,   13.838752,  283.336743
2015-10-23 16:00:00,   13.989754,  282.860792
2015-10-23 21:00:00,   13.993239,  282.383607
2015-10-24 02:00:00,   13.993514,  281.905140
2015-10-24 07:00:00,   13.994058,  281.426192
2015-10-24 12:00:00,   14.041562,  280.947307
2015-10-24 17:00:00,   14.101082,  280.465745
2015-10-24 22:00:00,   14.102139,  279.985025
2015-10-25 03:00:00,   14.102621,  279.504390
2015-10-25 08:00:00,   14.105356,  279.222432
2015-10-25 13:00:00,   14.244901,  285.342322
2015-10-25 18:00:00,   14.306654,  286.218967
2015-10-25 23:00:00,   14.127216,  285.788812
2015-10-26 04:00:00,   13.997353,  286.171530
2015-10-26 09:00:00,   13.886798,  284.395132
2015-10-26 14:00:00,   13.939403,  284.241544
2015-10-26 19:00:00,   13.884709,  284.090660
2015-10-26 24:00:00,   13.732672,  282.276677
2015-10-27 05:00:00,   13.581986,  280.927479
2015-10-27 10:00:00,   13.473818,  279.892401
2015-10-27 15:00:00,   13.412116,  278.586637
2015-10-27 20:00:00,   13.286604,  278.530290
2015-10-28 01:00:00,   13.175296,  278.251933
2015-10-28 06:00:00,   13.085823,  278.212372
2015-10-28 11:00:00,   13.042907,  278.134354
2015-10-28 16:00:00,   13.079695,  278.557493
2015-10-28 21:00:00,   13.030712,  278.515433
2015-10-29 02:00:00,   12.956697,  277.977353
2015-10-29 07:00:00,   12.878602,  278.050537
2015-10-29 12:00:00,   12.908632,  278.036754
2015-10-29 17:00:00,   13.034106,  279.116672
2015-10-29 22:00:00,   12.880907,  278.488809
2015-10-30 03:00:00,   12.818881,  279.516204
2015-10-30 08:00:00,   12.661283,  279.407776
2015-10-30 13:00:00,   12.951620,  280.463227
2015-10-30 18:00:00,   13.214536,  282.814082
2015-10-30 23:00:00,   12.914289,  282.552384
2015-10-31 04:00:00,   12.749628,  282.897433
2015-10-31 09:00:00,   12.636586,  281.377147
2015-10-31 14:00:00,   12.929797,  282.318683
2015-10-31 19:00:00,   12.850030,  282.836094
2015-10-31 24:00:00,   12.680076,  282.105731
2015-11-01 05:00:00,   12.582390,  281.230163
2015-11-01 10:00:00,   12.517694,  280.502285
2015-11-01 15:00:00,   12.584883,  280.085615
2015-11-01 20:00:00,   12.610848,  280.451018
2015-11-02 01:00:00,   12.518074,  281.280390
2015-11-02 06:00:00,   12.442778,  280.652971
2015-11-02 11:00:00,   12.415587,  280.616860
2015-11-02 16:00:00,   12.413261,  280.651233
2015-11-02 21:00:00,   12.344236,  280.201056
2015-11-03 02:00:00,   12.292710,  280.400364
2015-11-03 07:00:00,   12.216900,  280.197273
2015-11-03 12:00:00,   12.275050,  279.951050
2015-11-03 17:00:00,   12.403824,  279.559001
2015-11-03 22:00:00,   12.404306,  279.157134
2015-11-04 03:00:00,   12.577136,  281.714017
2015-11-04 08:00:00,   12.413476,  280.716753
2015-11-04 13:00:00,   12.555859,  280.567805
2015-11-04 18:00:00,   12.616804,  280.142037
2015-11-04 23:00:00,   12.544145,  280.688245
2015-11-05 04:00:00,   12.430938,  280.783133
2015-11-05 09:00:00,   12.319315,  280.286760
2015-11-05 14:00:00,   12.462190,  279.879433
2015-11-05 19:00:00,   12.726397,  280.015954
2015-11-05 24:00:00,   12.626378,  280.378568
2015-11-06 05:00:00,   12.464799,  281.132737
2015-11-06 10:00:00,   12.355078,  280.349970
2015-11-06 15:00:00,   12.735495,  282.057781
2015-11-06 20:00:00,   12.598174,  282.468649
2015-11-07 01:00:00,   12.434985,  281.960883
2015-11-07 06:00:00,   12.294140,  281.275725
2015-11-07 11:00:00,   12.199692,  279.434429
2015-11-07 16:00:00,   12.120150,  280.891688
2015-11-07 21:00:00,   11.934758,  282.106999
2015-11-08 02:00:00,   11.784780,  283.968394
2015-11-08 07:00:00,   11.607880,  283.968174
2015-11-08 12:00:00,   11.603115,  284.454378
2015-11-08 17:00:00,   11.654738,  284.928848
2015-11-08 22:00:00,   11.448737,  284.300539
2015-11-09 03:00:00,   11.305078,  284.555915
2015-11-09 08:00:00,   11.148426,  284.249708
2015-11-09 13:00:00,   11.012749,  284.154516
2015-11-09 18:00:00,   10.864739,  284.179494
2015-11-09 23:00:00,   10.712260,  284.067368
2015-11-10 04:00:00,   10.596602,  284.250741
2015-11-10 09:00:00,   10.472705,  284.234631
2015-11-10 14:00:00,   10.808304,  285.815413
2015-11-10 19:00:00,   10.807237,  286.758548
2015-11-10 24:00:00,   10.505992,  287.622461
2015-11-11 05:00:00,   10.348611,  292.153811
2015-11-11 10:00:00,   10.220925,  295.925764
2015-11-11 15:00:00,   10.609498,  298.917623
2015-11-11 20:00:00,   10.415744,  298.879290
2015-11-12 01:00:00,   10.250163,  298.287128
2015-11-12 06:00:00,   10.094056,  298.662734
2015-11-12 11:00:00,   10.012174,  298.744136
2015-11-12 16:00:00,   10.372307,  299.751539
2015-11-12 21:00:00,   10.115810,  299.984528
2015-11-13 02:00:00,    9.991559,  300.854803
2015-11-13 07:00:00,    9.790571,  302.533097
2015-11-13 12:00:00,    9.808063,  304.093744
2015-11-13 17:00:00,    9.960659,  305.242444
2015-11-13 22:00:00,    9.694310,  305.230754
2015-11-14 03:00:00,    9.521255,  305.625760
2015-11-14 08:00:00,    9.293055,  305.964764
2015-11-14 13:00:00,    9.477181,  306.958480
2015-11-14 18:00:00,    9.460332,  307.636543
2015-11-14 23:00:00,    9.220466,  307.989805
2015-11-15 04:00:00,    9.042623,  308.334320
2015-11-15 09:00:00,    8.856036,  308.641535
2015-11-15 14:00:00,    9.235295,  309.573754
2015-11-15 19:00:00,    9.087249,  309.402636
2015-11-15 24:00:00,    8.835738,  309.042096
2015-11-16 05:00:00,    8.659879,  309.874866
2015-11-16 10:00:00,    8.547975,  310.424019
2015-11-16 15:00:00,    8.724818,  310.234810
2015-11-16 20:00:00,    8.705757,  311.011865
2015-11-17 01:00:00,    8.506964,  310.559479
2015-11-17 06:00:00,    8.357481,  310.541289
2015-11-17 11:00:00,    8.277771,  310.341068
2015-11-17 16:00:00,    8.243517,  310.235161
2015-11-17 21:00:00,    8.111198,  310.088887
2015-11-18 02:00:00,    8.019916,  310.294371
2015-11-18 07:00:00,    7.893531,  310.413925
2015-11-18 12:00:00,    7.805623,  310.424245
2015-11-18 17:00:00,    7.742941,  310.495927
2015-11-18 22:00:00,    7.644931,  311.100734
2015-11-19 03:00:00,    7.591459,  312.165105
2015-11-19 08:00:00,    7.480035,  312.196960
2015-11-19 13:00:00,    7.464956,  311.993590
2015-11-19 18:00:00,    7.567808,  312.230202
2015-11-19 23:00:00,    7.398688,  311.989517
2015-11-20 04:00:00,    7.337052,  313.690389
2015-11-20 09:00:00,    7.135348,  317.066750
2015-11-20 14:00:00,    7.344426,  319.793688
2015-11-20 19:00:00,    7.248966,  320.559928
2015-11-20 24:00:00,    7.055916,  321.221184
2015-11-21 05:00:00,    6.963135,  321.484311
2015-11-21 10:00:00,    6.855667,  321.537337
2015-11-21 15:00:00,    7.158544,  322.529974
2015-11-21 20:00:00,    6.961272,  322.390709
2015-11-22 01:00:00,    6.833614,  321.828072
2015-11-22 06:00:00,    6.696870,  322.532182
2015-11-22 11:00:00,    6.601158,  324.747087
2015-11-22 16:00:00,    6.714301,  326.577665
2015-11-22 21:00:00,    6.465790,  328.704853
2015-11-23 02:00:00,    6.237646,  331.320949
2015-11-23 07:00:00,    5.983885,  333.306924
2015-11-23 12:00:00,    6.052871,  333.834009
2015-11-23 17:00:00,    6.240236,  334.307907
2015-11-23 22:00:00,    5.953279,  333.774550
2015-11-24 03:00:00,    5.817111,  333.971239
2015-11-24 08:00:00,    5.641977,  334.122222
2015-11-24 13:00:00,    5.740081,  334.044741
2015-11-24 18:00:00,    5.899446,  334.351833
2015-11-24 23:00:00,    5.662238,  334.447623
2015-11-25 04:00:00,    5.536365,  334.630078
2015-11-25 09:00:00,    5.382103,  334.776456
2015-11-25 14:00:00,    5.674304,  335.161235
2015-11-25 19:00:00,    5.586788,  335.497010
2015-11-25 24:00:00,    5.417465,  335.154569
2015-11-26 05:00:00,    5.330826,  334.979714
2015-11-26 10:00:00,    5.238888,  334.985122
2015-11-26 15:00:00,    5.370741,  335.105563
2015-11-26 20:00:00,    5.231318,  334.890365
2015-11-27 01:00:00,    5.169751,  335.327808
2015-11-27 06:00:00,    5.038033,  335.428641
2015-11-27 11:00:00,    5.023683,  335.389547
2015-11-27 16:00:00,    5.389548,  335.787302
2015-11-27 21:00:00,    5.106396,  335.551592
2015-11-28 02:00:00,    5.043923,  335.866927
2015-11-28 07:00:00,    4.946493,  335.983128
2015-11-28 12:00:00,    5.011424,  337.109183
2015-11-28 17:00:00,    5.043044,  337.278180
2015-11-28 22:00:00,    4.930114,  337.028358
2015-11-29 03:00:00,    4.899524,  337.154926
2015-11-29 08:00:00,    4.810037,  337.380840
2015-11-29 13:00:00,    4.889737,  337.772218
2015-11-29 18:00:00,    4.791465,  337.382278
2015-11-29 23:00:00,    4.686763,  337.373694
2015-11-30 04:00:00,    4.641246,  337.268542
2015-11-30 09:00:00,    4.522343,  337.295212
2015-11-30 14:00:00,    4.447445,  337.313274
2015-11-30 19:00:00,    4.333176,  337.179855
2015-11-30 24:00:00,    4.211053,  337.011843
2015-12-01 05:00:00,    4.211053,  336.764260
2015-12-01 10:00:00,    4.189689,  336.469390
2015-12-01 15:00:00,    3.998732,  336.567062
2015-12-01 20:00:00,    3.956741,  336.374079
2015-12-02 01:00:00,    3.826342,  336.486676
2015-12-02 06:00:00,    3.763939,  336.490309
2015-12-02 11:00:00,    3.643041,  336.600364
2015-12-02 16:00:00,    3.643667,  336.993668
2015-12-02 21:00:00,    3.594455,  337.755578
2015-12-03 02:00:00,    3.627242,  338.214125
2015-12-03 07:00:00,    3.464507,  338.994055
2015-12-03 12:00:00,    3.557129,  339.956683
2015-12-03 17:00:00,    3.666210,  341.405709
2015-12-03 22:00:00,    3.496629,  343.255561
2015-12-04 03:00:00,    3.459341,  343.240624
2015-12-04 08:00:00,    3.243287,  343.504494
2015-12-04 13:00:00,    3.531149,  343.396194
2015-12-04 18:00:00,    3.568535,  343.889502
2015-12-04 23:00:00,    3.435906,  344.640802
2015-12-05 04:00:00,    3.380817,  345.308708
2015-12-05 09:00:00,    3.210382,  345.903080
2015-12-05 14:00:00,    3.518602,  345.714141
2015-12-05 19:00:00,    3.448830,  345.700519
2015-12-05 24:00:00,    3.284738,  346.156894
2015-12-06 05:00:00,    3.231994,  346.286629
2015-12-06 10:00:00,    3.152503,  346.838728
2015-12-06 15:00:00,    3.432368,  346.657554
2015-12-06 20:00:00,    3.309367,  346.769450
